name,uni,row_in_master,verdict,old_openalex_id,correct_openalex_id,verified_topics,notes
Davide Guzzetti,Auburn University,13,BORDERLINE_OR_VERIFIED_CURRENT,A5067499279,A5067499279,Space Satellite Systems and Control | Spacecraft Dynamics and Control | Astro and Planetary Science,Current ID is the best available
Jifu Tan,Binghamton University,17,GENUINE_NON_AERO_FACULTY,A5091228489,A5091228489,Lattice Boltzmann Simulation Studies | Blood properties and coagulation | Nanoparticle-Based Drug Delivery,Faculty is in ME department but does pure Biomedical/Robotics/Materials research
Douglas P. Holmes,Boston University,21,GENUINE_NON_AERO_FACULTY,A5032824164,A5032824164,Advanced Materials and Mechanics | Structural Analysis and Optimization | Advanced Sensor and Energy Harvesting Materials,Faculty is in ME department but does pure Biomedical/Robotics/Materials research
Raymond Nagem,Boston University,22,GENUINE_NON_AERO_FACULTY,A5020228355,A5020228355,Acoustic Wave Phenomena Research | Underwater Acoustics Research | Structural Health Monitoring Techniques,Faculty is in ME department but does pure Biomedical/Robotics/Materials research
Sean B. Andersson,Boston University,23,GENUINE_NON_AERO_FACULTY,A5081816980,A5081816980,Advanced Fluorescence Microscopy Techniques | Force Microscopy Techniques and Applications | Distributed Control Multi-Agent Systems,Faculty is in ME department but does pure Biomedical/Robotics/Materials research
Amir Barati Farimani,Carnegie Mellon University,38,GENUINE_NON_AERO_FACULTY,A5008745801,A5008745801,Machine Learning in Materials Science | Model Reduction and Neural Networks | Computational Drug Discovery Methods,Faculty is in ME department but does pure Biomedical/Robotics/Materials research
Carmel Majidi,Carnegie Mellon University,42,GENUINE_NON_AERO_FACULTY,A5050506400,A5050506400,Advanced Sensor and Energy Harvesting Materials | Advanced Materials and Mechanics | Soft Robotics and Applications,Faculty is in ME department but does pure Biomedical/Robotics/Materials research
Gerald J. Wang,Carnegie Mellon University,40,GENUINE_NON_AERO_FACULTY,A5089348063,A5089348063,Bladder and Urothelial Cancer Treatments | Nanopore and Nanochannel Transport Studies | Urological Disorders and Treatments,Faculty is in ME department but does pure Biomedical/Robotics/Materials research
Philip LeDuc,Carnegie Mellon University,41,GENUINE_NON_AERO_FACULTY,A5059723823,A5059723823,Pregnancy and preeclampsia studies | Neonatal and fetal brain pathology | Maternal and fetal healthcare,Faculty is in ME department but does pure Biomedical/Robotics/Materials research
Ethan Kung,Clemson University,45,GENUINE_NON_AERO_FACULTY,A5083766821,A5083766821,Mechanical Circulatory Support Devices | Congenital Heart Disease Studies | Cardiovascular Function and Risk Factors,Faculty is in ME department but does pure Biomedical/Robotics/Materials research
Zhen Li,Clemson University,46,GENUINE_NON_AERO_FACULTY,A5100332581,A5100332581,Climate variability and models | Meteorological Phenomena and Simulations | Atmospheric and Environmental Gas Dynamics,Faculty is in ME department but does pure Biomedical/Robotics/Materials research
Azer Yalin,Colorado State University,58,NAMESAKE_MISMATCH_FOUND_AND_CORRECTED,A5002311146,A5122796115,Plasma Applications and Diagnostics | Plasma Diagnostics and Applications | Combustion and flame dynamics,Replaced with true Aero/Fluids profile (HIGH)
Laura Ray,Dartmouth College,72,GENUINE_NON_AERO_FACULTY,A5000034078,A5000034078,Structural Health Monitoring Techniques | Vehicle Dynamics and Control Systems | Speech and Audio Processing,Faculty is in ME department but does pure Biomedical/Robotics/Materials research
Mary Albert,Dartmouth College,71,GENUINE_NON_AERO_FACULTY,A5019935739,A5019935739,Cryospheric studies and observations | Winter Sports Injuries and Performance | Landslides and related hazards,Faculty is in ME department but does pure Biomedical/Robotics/Materials research
Yan Li,Dartmouth College,70,BORDERLINE_OR_VERIFIED_CURRENT,A5100380336,A5100380336,,Current ID is the best available
Sorin Siegler,Drexel University,76,GENUINE_NON_AERO_FACULTY,A5056477793,A5056477793,Foot and Ankle Surgery | Lower Extremity Biomechanics and Pathologies | Orthopedic Surgery and Rehabilitation,Faculty is in ME department but does pure Biomedical/Robotics/Materials research
Lawrie Virgin,Duke University,80,GENUINE_NON_AERO_FACULTY,A5112324221,A5112324221,Optical measurement and interference techniques | Structural Health Monitoring Techniques | Vibration and Dynamic Analysis,Faculty is in ME department but does pure Biomedical/Robotics/Materials research
Michael Zavlanos,Duke University,83,GENUINE_NON_AERO_FACULTY,A5080808780,A5080808780,Distributed Control Multi-Agent Systems | Reinforcement Learning in Robotics | Formal Methods in Verification,Faculty is in ME department but does pure Biomedical/Robotics/Materials research
Wilkins Aquino,Duke University,79,GENUINE_NON_AERO_FACULTY,A5067331647,A5067331647,Structural Health Monitoring Techniques | Ultrasonics and Acoustic Wave Propagation | Ultrasound Imaging and Elastography,Faculty is in ME department but does pure Biomedical/Robotics/Materials research
Anouck Girard,Embry-Riddle Aeronautical University,85,GENUINE_NON_AERO_FACULTY,A5074685221,A5074685221,Robotic Path Planning Algorithms | Traffic control and management | Autonomous Vehicle Technology and Safety,Faculty is in ME department but does pure Biomedical/Robotics/Materials research
Hever Moncayo,Embry-Riddle Aeronautical University,90,GENUINE_NON_AERO_FACULTY,A5092115716,A5092115716,Aerospace and Aviation Technology | Air Traffic Management and Optimization | Adaptive Dynamic Programming Control,Faculty is in ME department but does pure Biomedical/Robotics/Materials research
Troy Henderson,Embry-Riddle Aeronautical University,92,GENUINE_NON_AERO_FACULTY,A5136746287,A5136746287,Radiation Dose and Imaging | Inertial Sensor and Navigation | Adaptive optics and wavefront sensing,Faculty is in ME department but does pure Biomedical/Robotics/Materials research
Daniel Kirk,Florida Institute of Technology,94,NAMESAKE_MISMATCH_FOUND_AND_CORRECTED,A5108383999,A5081482493,Spacecraft and Cryogenic Technologies | Rocket and propulsion systems research | Fluid Dynamics Simulations and Interactions,Replaced with true Aero/Fluids profile (HIGH)
Manasvi Lingam,Florida Institute of Technology,99,GENUINE_NON_AERO_FACULTY,A5011292867,A5011292867,"Astro and Planetary Science | Space Science and Extraterrestrial Life | Stellar, planetary, and galactic studies",Faculty is in ME department but does pure Biomedical/Robotics/Materials research
Daigo Shishika,George Mason University,115,GENUINE_NON_AERO_FACULTY,A5057044271,A5057044271,Guidance and Control Systems | Distributed Control Multi-Agent Systems | Military Defense Systems Analysis,Faculty is in ME department but does pure Biomedical/Robotics/Materials research
Pouya Rezai,George Mason University,114,GENUINE_NON_AERO_FACULTY,A5012797210,A5012797210,Microfluidic and Capillary Electrophoresis Applications | Electrochemical Analysis and Applications | Analytical Chemistry and Sensors,Faculty is in ME department but does pure Biomedical/Robotics/Materials research
Taeyoung Lee,George Washington University,122,GENUINE_NON_AERO_FACULTY,A5020132536,A5020132536,Adaptive Control of Nonlinear Systems | Inertial Sensor and Navigation | Numerical methods for differential equations,Faculty is in ME department but does pure Biomedical/Robotics/Materials research
L. Mahadevan,Harvard University,126,GENUINE_NON_AERO_FACULTY,A5063432831,A5063432831,Advanced Materials and Mechanics | Cellular Mechanics and Interactions | Micro and Nano Robotics,Faculty is in ME department but does pure Biomedical/Robotics/Materials research
Robin Wordsworth,Harvard University,127,GENUINE_NON_AERO_FACULTY,A5008740857,A5008740857,"Astro and Planetary Science | Planetary Science and Exploration | Stellar, planetary, and galactic studies",Faculty is in ME department but does pure Biomedical/Robotics/Materials research
Matthew Spenko,Illinois Institute of Technology,138,GENUINE_NON_AERO_FACULTY,A5135300073,A5135300073,"Conservation, Biodiversity, and Resource Management | Forest Management and Policy | Agroforestry and silvopastoral systems",Faculty is in ME department but does pure Biomedical/Robotics/Materials research
Kaliat (K.T.) Ramesh,Johns Hopkins University,158,GENUINE_NON_AERO_FACULTY,A5033981216,A5033981216,High-Velocity Impact and Material Behavior | Microstructure and mechanical properties | Aluminum Alloys Composites Properties,Faculty is in ME department but does pure Biomedical/Robotics/Materials research
Warren N. White,Kansas State University,161,GENUINE_NON_AERO_FACULTY,A5110272170,A5110272170,Dynamics and Control of Mechanical Systems | Wind Turbine Control Systems | Control and Stability of Dynamical Systems,Faculty is in ME department but does pure Biomedical/Robotics/Materials research
Qiqi Wang,Massachusetts Institute of Technology,177,NAMESAKE_MISMATCH_FOUND_AND_CORRECTED,A5101519071,A5101519068,Fluid Dynamics and Turbulent Flows | Computational Fluid Dynamics and Aerodynamics | Probabilistic and Robust Engineering Design,Replaced with true Aero/Fluids profile (MEDIUM)
Youssef M. Marzouk,Massachusetts Institute of Technology,172,NAMESAKE_MISMATCH_FOUND_AND_CORRECTED,A5071702167,A5075501406,Probabilistic and Robust Engineering Design | Combustion and flame dynamics | Advanced Combustion Engine Technologies,Replaced with true Aero/Fluids profile (MEDIUM)
David Olson,Michigan State University,178,NAMESAKE_MISMATCH_FOUND_AND_CORRECTED,A5044286863,A5089187994,Fluid Dynamics and Turbulent Flows | Biomimetic flight and propulsion mechanisms | Wind and Air Flow Studies,Replaced with true Aero/Fluids profile (HIGH)
Zhaojian Li,Michigan State University,182,GENUINE_NON_AERO_FACULTY,A5037274043,A5037274043,Traffic control and management | Autonomous Vehicle Technology and Safety | Advanced Control Systems Optimization,Faculty is in ME department but does pure Biomedical/Robotics/Materials research
Susanta Ghosh,Michigan Technological University,186,GENUINE_NON_AERO_FACULTY,A5012521601,A5012521601,Carbon Nanotubes in Composites | Machine Learning in Materials Science | Numerical methods in engineering,Faculty is in ME department but does pure Biomedical/Robotics/Materials research
Yaofa Li,Montana State University,203,NAMESAKE_MISMATCH_FOUND_AND_CORRECTED,A5051282109,A5050056461,Fluid Dynamics and Turbulent Flows | Meteorological Phenomena and Simulations | Groundwater flow and contamination studies,Replaced with true Aero/Fluids profile (HIGH)
Pushpendra Singh,New Jersey Institute of Technology,205,NAMESAKE_MISMATCH_FOUND_AND_CORRECTED,A5028236116,A5089865798,Food Drying and Modeling | Solar Thermal and Photovoltaic Systems | Greenhouse Technology and Climate Control,Replaced with true Aero/Fluids profile (HIGH)
Qiong Liu,New Mexico State University,211,GENUINE_NON_AERO_FACULTY,A5100336311,A5100336311,Electromagnetic Simulation and Numerical Methods | Electromagnetic Scattering and Analysis | Microwave Engineering and Waveguides,Faculty is in ME department but does pure Biomedical/Robotics/Materials research
Yan Zhang,North Dakota State University,223,GENUINE_NON_AERO_FACULTY,A5100459168,A5100459168,Advanced Image and Video Retrieval Techniques | Domain Adaptation and Few-Shot Learning | Advanced Neural Network Applications,Faculty is in ME department but does pure Biomedical/Robotics/Materials research
Yechun Wang,North Dakota State University,224,NAMESAKE_MISMATCH_FOUND_AND_CORRECTED,A5008472420,A5054771500,Combustion and Detonation Processes | Cyclone Separators and Fluid Dynamics | Electromagnetic Launch and Propulsion Technology,Replaced with true Aero/Fluids profile (MEDIUM)
Brian Wisner,Ohio University,235,GENUINE_NON_AERO_FACULTY,A5070352118,A5070352118,Ultrasonics and Acoustic Wave Propagation | Mechanical Behavior of Composites | Fatigue and fracture mechanics,Faculty is in ME department but does pure Biomedical/Robotics/Materials research
David Quiroz,Ohio University,237,GENUINE_NON_AERO_FACULTY,A5103256094,A5103256094,Algal biology and biofuel production | Membrane Separation Technologies | Biofuel production and bioconversion,Faculty is in ME department but does pure Biomedical/Robotics/Materials research
Yahya Al-Majali,Ohio University,236,GENUINE_NON_AERO_FACULTY,A5081633426,A5081633426,Fiber-reinforced polymer composites | Advancements in Battery Materials | Graphene research and applications,Faculty is in ME department but does pure Biomedical/Robotics/Materials research
Alexey Shashurin,Purdue University,277,GENUINE_NON_AERO_FACULTY,A5021284477,A5021284477,Plasma Diagnostics and Applications | Plasma Applications and Diagnostics | Vacuum and Plasma Arcs,Faculty is in ME department but does pure Biomedical/Robotics/Materials research
Guang Lin,Purdue University,287,GENUINE_NON_AERO_FACULTY,A5078138445,A5078138445,Model Reduction and Neural Networks | Probabilistic and Robust Engineering Design | Gaussian Processes and Bayesian Inference,Faculty is in ME department but does pure Biomedical/Robotics/Materials research
Haifeng Wang,Purdue University,281,NAMESAKE_MISMATCH_FOUND_AND_CORRECTED,A5100386408,A5102026902,Combustion and flame dynamics | Advanced Combustion Engine Technologies | Fire dynamics and safety research,Replaced with true Aero/Fluids profile (HIGH)
Lu Zhang,Rice University,298,GENUINE_NON_AERO_FACULTY,A5100388599,A5100388599,Financial Markets and Investment Strategies | Radiomics and Machine Learning in Medical Imaging | Corporate Finance and Governance,Faculty is in ME department but does pure Biomedical/Robotics/Materials research
Matthias Heinkenschloss,Rice University,295,GENUINE_NON_AERO_FACULTY,A5070192811,A5070192811,Advanced Numerical Methods in Computational Mathematics | Model Reduction and Neural Networks | Advanced Optimization Algorithms Research,Faculty is in ME department but does pure Biomedical/Robotics/Materials research
Pol D. Spanos,Rice University,297,GENUINE_NON_AERO_FACULTY,A5110431873,A5110431873,Probabilistic and Robust Engineering Design | Structural Health Monitoring Techniques | Seismic Performance and Analysis,Faculty is in ME department but does pure Biomedical/Robotics/Materials research
Assimina A. Pelegri,Rutgers University-New Brunswick,305,GENUINE_NON_AERO_FACULTY,A5026532047,A5026532047,Mechanical Behavior of Composites | Elasticity and Material Modeling | Automotive and Human Injury Biomechanics,Faculty is in ME department but does pure Biomedical/Robotics/Materials research
Hao Lin,Rutgers University-New Brunswick,302,GENUINE_NON_AERO_FACULTY,A5041539298,A5041539298,Particle physics theoretical and experimental studies | High-Energy Particle Collisions Research | Quantum Chromodynamics and Particle Interactions,Faculty is in ME department but does pure Biomedical/Robotics/Materials research
Jingang Yi,Rutgers University-New Brunswick,307,GENUINE_NON_AERO_FACULTY,A5090869394,A5090869394,Vehicle Dynamics and Control Systems | Robotic Locomotion and Control | Prosthetics and Rehabilitation Robotics,Faculty is in ME department but does pure Biomedical/Robotics/Materials research
Liping Liu,Rutgers University-New Brunswick,308,NAMESAKE_MISMATCH_FOUND_AND_CORRECTED,A5100352454,A5100352452,Composite Material Mechanics | Heat Transfer and Optimization | Hydraulic and Pneumatic Systems,Replaced with true Aero/Fluids profile (HIGH)
Eric Darve,Stanford University,310,GENUINE_NON_AERO_FACULTY,A5061822097,A5061822097,Electromagnetic Scattering and Analysis | Matrix Theory and Algorithms | Model Reduction and Neural Networks,Faculty is in ME department but does pure Biomedical/Robotics/Materials research
Amit K. Sanyal,Syracuse University,327,GENUINE_NON_AERO_FACULTY,A5079524565,A5079524565,Adaptive Control of Nonlinear Systems | Inertial Sensor and Navigation | Control and Dynamics of Mobile Robots,Faculty is in ME department but does pure Biomedical/Robotics/Materials research
Bing Dong,Syracuse University,328,GENUINE_NON_AERO_FACULTY,A5050035609,A5050035609,Adaptive optics and wavefront sensing | Optical Systems and Laser Technology | Advanced optical system design,Faculty is in ME department but does pure Biomedical/Robotics/Materials research
Yeqing Wang,Syracuse University,326,GENUINE_NON_AERO_FACULTY,A5064144710,A5064144710,Lightning and Electromagnetic Phenomena | Electrical Fault Detection and Protection | Cellular and Composite Structures,Faculty is in ME department but does pure Biomedical/Robotics/Materials research
Damoon Soudbakhsh,Temple University,334,GENUINE_NON_AERO_FACULTY,A5035570579,A5035570579,Advanced Battery Technologies Research | Advancements in Battery Materials | Vehicle Dynamics and Control Systems,Faculty is in ME department but does pure Biomedical/Robotics/Materials research
Haijun Liu,Temple University,331,GENUINE_NON_AERO_FACULTY,A5100652355,A5100652355,Photosynthetic Processes and Mechanisms | Algal biology and biofuel production | Photoreceptor and optogenetics research,Faculty is in ME department but does pure Biomedical/Robotics/Materials research
Mohammad F. Kiani,Temple University,332,GENUINE_NON_AERO_FACULTY,A5011547126,A5011547126,"Cell Adhesion Molecules Research | Angiogenesis and VEGF in Cancer | Neutrophil, Myeloperoxidase and Oxidative Mechanisms",Faculty is in ME department but does pure Biomedical/Robotics/Materials research
Parsaoran Hutapea,Temple University,330,GENUINE_NON_AERO_FACULTY,A5071236120,A5071236120,Soft Robotics and Applications | Shape Memory Alloy Transformations | Surgical Sutures and Adhesives,Faculty is in ME department but does pure Biomedical/Robotics/Materials research
Philip Dames,Temple University,333,GENUINE_NON_AERO_FACULTY,A5070031738,A5070031738,Target Tracking and Data Fusion in Sensor Networks | Robotics and Sensor-Based Localization | Distributed Control Multi-Agent Systems,Faculty is in ME department but does pure Biomedical/Robotics/Materials research
Dugan Um,Texas A&M University-Corpus Christi,346,GENUINE_NON_AERO_FACULTY,A5055158183,A5055158183,Robotic Path Planning Algorithms | Manufacturing Process and Optimization | Robotics and Sensor-Based Localization,Faculty is in ME department but does pure Biomedical/Robotics/Materials research
Hua Zhang,Texas A&M University-Corpus Christi,345,NAMESAKE_MISMATCH_FOUND_AND_CORRECTED,A5100408669,A5100327271,Energetic Materials and Combustion | Crystallization and Solubility Studies | X-ray Diffraction in Crystallography,Replaced with true Aero/Fluids profile (MEDIUM)
Jose Baca,Texas A&M University-Corpus Christi,344,GENUINE_NON_AERO_FACULTY,A5068841661,A5068841661,Modular Robots and Swarm Intelligence | Micro and Nano Robotics | Optimization and Search Problems,Faculty is in ME department but does pure Biomedical/Robotics/Materials research
Philippe Tissot,Texas A&M University-Corpus Christi,347,GENUINE_NON_AERO_FACULTY,A5034844392,A5034844392,Coastal and Marine Dynamics | Oceanographic and Atmospheric Processes | Meteorological Phenomena and Simulations,Faculty is in ME department but does pure Biomedical/Robotics/Materials research
Hong Zhou,Texas A&M University-Kingsville,350,GENUINE_NON_AERO_FACULTY,A5035298559,A5035298559,Metal-Organic Frameworks: Synthesis and Applications | X-ray Diffraction in Crystallography | Crystallization and Solubility Studies,Faculty is in ME department but does pure Biomedical/Robotics/Materials research
Selahattin Ozcelik,Texas A&M University-Kingsville,348,GENUINE_NON_AERO_FACULTY,A5006553853,A5006553853,Advanced Control Systems Optimization | Adaptive Control of Nonlinear Systems | Wind Energy Research and Development,Faculty is in ME department but does pure Biomedical/Robotics/Materials research
Diego Turo,The Catholic University of America,361,GENUINE_NON_AERO_FACULTY,A5066827008,A5066827008,Underwater Acoustics Research | Acoustic Wave Phenomena Research | Seismic Waves and Analysis,Faculty is in ME department but does pure Biomedical/Robotics/Materials research
Xiaolong Luo,The Catholic University of America,362,GENUINE_NON_AERO_FACULTY,A5030247401,A5030247401,Advancements in Battery Materials | Supercapacitor Materials and Fabrication | Granular flow and fluidized beds,Faculty is in ME department but does pure Biomedical/Robotics/Materials research
George Biros,The University of Texas at Austin,371,GENUINE_NON_AERO_FACULTY,A5044137409,A5044137409,Electromagnetic Scattering and Analysis | Advanced Numerical Methods in Computational Mathematics | Medical Image Segmentation Techniques,Faculty is in ME department but does pure Biomedical/Robotics/Materials research
Deborah Ann Sunter,Tufts University,378,GENUINE_NON_AERO_FACULTY,A5015483872,A5015483872,Energy and Environment Impacts | Social Acceptance of Renewable Energy | Electric Power System Optimization,Faculty is in ME department but does pure Biomedical/Robotics/Materials research
Igor Sokolov,Tufts University,377,GENUINE_NON_AERO_FACULTY,A5043516298,A5043516298,Force Microscopy Techniques and Applications | Cellular Mechanics and Interactions | Mesoporous Materials and Catalysis,Faculty is in ME department but does pure Biomedical/Robotics/Materials research
Ryan T. Glasser,Tulane University,379,GENUINE_NON_AERO_FACULTY,A5062235827,A5062235827,Quantum Information and Cryptography | Quantum optics and atomic interactions | Quantum Mechanics and Applications,Faculty is in ME department but does pure Biomedical/Robotics/Materials research
Pasquale Cinnella,University of Alabama at Birmingham,389,GENUINE_NON_AERO_FACULTY,A5107872274,A5107872274,Spinal Fractures and Fixation Techniques | Scoliosis diagnosis and treatment | Spine and Intervertebral Disc Pathology,Faculty is in ME department but does pure Biomedical/Robotics/Materials research
David Jensen,University of Arkansas,424,GENUINE_NON_AERO_FACULTY,A5006681132,A5006681132,Systems Engineering Methodologies and Applications | Software Reliability and Analysis Research | Risk and Safety Analysis,Faculty is in ME department but does pure Biomedical/Robotics/Materials research
Min Zou,University of Arkansas,423,GENUINE_NON_AERO_FACULTY,A5080429701,A5080429701,"Metal and Thin Film Mechanics | Adhesion, Friction, and Surface Interactions | Tribology and Wear Analysis",Faculty is in ME department but does pure Biomedical/Robotics/Materials research
Negar Mehr,University of California-Berkeley,440,GENUINE_NON_AERO_FACULTY,A5062267932,A5062267932,Reinforcement Learning in Robotics | Multimodal Machine Learning Applications | Robotics and Sensor-Based Localization,Faculty is in ME department but does pure Biomedical/Robotics/Materials research
Mohsen Habibi,University of California-Davis,449,GENUINE_NON_AERO_FACULTY,A5043573145,A5043573145,Urban Planning and Governance | Radiation Effects in Electronics | VLSI and Analog Circuit Testing,Faculty is in ME department but does pure Biomedical/Robotics/Materials research
Artur Davoyan,University of California-Los Angeles,467,NAMESAKE_MISMATCH_FOUND_AND_CORRECTED,A5004879471,A5140803029,Metamaterials and Metasurfaces Applications | Thermal properties of materials | Advanced Materials and Mechanics,Replaced with true Aero/Fluids profile (HIGH)
Jason L. Speyer,University of California-Los Angeles,469,BORDERLINE_OR_VERIFIED_CURRENT,A5069195481,A5069195481,Target Tracking and Data Fusion in Sensor Networks | Fault Detection and Control Systems | Guidance and Control Systems,Current ID is the best available
M. Khalid Jawed,University of California-Los Angeles,466,GENUINE_NON_AERO_FACULTY,A5055368146,A5055368146,Micro and Nano Robotics | Advanced Materials and Mechanics | Soft Robotics and Applications,Faculty is in ME department but does pure Biomedical/Robotics/Materials research
Christopher A. Edwards,"University of California, Santa Cruz",431,GENUINE_NON_AERO_FACULTY,A5030115208,A5030115208,Oceanographic and Atmospheric Processes | Marine and coastal ecosystems | Climate variability and models,Faculty is in ME department but does pure Biomedical/Robotics/Materials research
Jerome Fiechter,"University of California, Santa Cruz",432,GENUINE_NON_AERO_FACULTY,A5065872306,A5065872306,Oceanographic and Atmospheric Processes | Marine and fisheries research | Marine and coastal ecosystems,Faculty is in ME department but does pure Biomedical/Robotics/Materials research
Farhat Beg,University of California-San Diego,480,GENUINE_NON_AERO_FACULTY,A5083481557,A5083481557,Laser-Plasma Interactions and Diagnostics | Laser-induced spectroscopy and plasma | High-pressure geophysics and materials,Faculty is in ME department but does pure Biomedical/Robotics/Materials research
Jan Kleissl,University of California-San Diego,478,GENUINE_NON_AERO_FACULTY,A5024143856,A5024143856,Solar Radiation and Photovoltaics | Smart Grid Energy Management | Meteorological Phenomena and Simulations,Faculty is in ME department but does pure Biomedical/Robotics/Materials research
Miroslav Krstic,University of California-San Diego,479,GENUINE_NON_AERO_FACULTY,A5018293076,A5018293076,Stability and Controllability of Differential Equations | Advanced Control Systems Optimization | Extremum Seeking Control Systems,Faculty is in ME department but does pure Biomedical/Robotics/Materials research
Hansen A. Mansy,University of Central Florida,492,NAMESAKE_MISMATCH_FOUND_AND_CORRECTED,A5113834305,A5069106873,Heat Transfer and Optimization | Wind and Air Flow Studies | Aerodynamics and Fluid Dynamics Research,Replaced with true Aero/Fluids profile (MEDIUM)
Abhinav Sinha,University of Cincinnati,498,GENUINE_NON_AERO_FACULTY,A5022385451,A5022385451,Guidance and Control Systems | Distributed Control Multi-Agent Systems | Robotic Path Planning Algorithms,Faculty is in ME department but does pure Biomedical/Robotics/Materials research
Ahmed Allam,University of Cincinnati,499,GENUINE_NON_AERO_FACULTY,A5040270868,A5040270868,Microwave Engineering and Waveguides | Radio Frequency Integrated Circuit Design | Energy Harvesting in Wireless Networks,Faculty is in ME department but does pure Biomedical/Robotics/Materials research
Alireza Doostan,University of Colorado Boulder,504,GENUINE_NON_AERO_FACULTY,A5005638433,A5005638433,Probabilistic and Robust Engineering Design | Model Reduction and Neural Networks | Advanced Multi-Objective Optimization Algorithms,Faculty is in ME department but does pure Biomedical/Robotics/Materials research
Nicole Labbe,University of Colorado Boulder,508,NAMESAKE_MISMATCH_FOUND_AND_CORRECTED,A5083124153,A5079811325,Advanced Combustion Engine Technologies | Combustion and flame dynamics | Atmospheric chemistry and aerosols,Replaced with true Aero/Fluids profile (HIGH)
Xinyu Zhao,University of Connecticut,511,NAMESAKE_MISMATCH_FOUND_AND_CORRECTED,A5100709184,A5035922073,Combustion and flame dynamics | Radiative Heat Transfer Studies | Advanced Combustion Engine Technologies,Replaced with true Aero/Fluids profile (MEDIUM)
Abdullah Al Amin,University of Dayton,517,GENUINE_NON_AERO_FACULTY,A5091755527,A5091755527,Superconductivity in MgB2 and Alloys | Superconducting Materials and Applications | Physics of Superconductivity and Magnetism,Faculty is in ME department but does pure Biomedical/Robotics/Materials research
David L. Burris,University of Delaware,519,GENUINE_NON_AERO_FACULTY,A5014060936,A5014060936,Tribology and Wear Analysis | Lubricants and Their Additives | Osteoarthritis Treatment and Mechanisms,Faculty is in ME department but does pure Biomedical/Robotics/Materials research
Félix L. Santiago-Collazo,University of Georgia,532,GENUINE_NON_AERO_FACULTY,A5004814671,A5004814671,Tropical and Extratropical Cyclones Research | Coastal and Marine Dynamics | Flood Risk Assessment and Management,Faculty is in ME department but does pure Biomedical/Robotics/Materials research
Matthew V. Bilskie,University of Georgia,530,GENUINE_NON_AERO_FACULTY,A5057728869,A5057728869,Tropical and Extratropical Cyclones Research | Coastal and Marine Dynamics | Coastal wetland ecosystem dynamics,Faculty is in ME department but does pure Biomedical/Robotics/Materials research
R. Benjamin Davis,University of Georgia,528,GENUINE_NON_AERO_FACULTY,A5074717370,A5074717370,Mathematics Education and Teaching Techniques | Structural Health Monitoring Techniques | Acoustic Wave Phenomena Research,Faculty is in ME department but does pure Biomedical/Robotics/Materials research
Eva-Marie Nosal,University of Hawaii at Manoa,535,GENUINE_NON_AERO_FACULTY,A5025019523,A5025019523,Underwater Acoustics Research | Marine animal studies overview | Underwater Vehicles and Communication Systems,Faculty is in ME department but does pure Biomedical/Robotics/Materials research
Kwok Fai Cheung,University of Hawaii at Manoa,533,GENUINE_NON_AERO_FACULTY,A5011809976,A5011809976,earthquake and tectonic studies | Coastal and Marine Dynamics | Ocean Waves and Remote Sensing,Faculty is in ME department but does pure Biomedical/Robotics/Materials research
Yi Y. Zuo,University of Hawaii at Manoa,538,GENUINE_NON_AERO_FACULTY,A5008318872,A5008318872,Neuroscience and Neuropharmacology Research | Neurogenesis and neuroplasticity mechanisms | Neural dynamics and brain function,Faculty is in ME department but does pure Biomedical/Robotics/Materials research
Daniele Tonina,University of Idaho,548,GENUINE_NON_AERO_FACULTY,A5090835300,A5090835300,Hydrology and Watershed Management Studies | Hydrology and Sediment Transport Processes | Soil and Water Nutrient Dynamics,Faculty is in ME department but does pure Biomedical/Robotics/Materials research
Daniel J. Robertson,University of Idaho,547,GENUINE_NON_AERO_FACULTY,A5084805362,A5084805362,Crop Yield and Soil Fertility | Wheat and Barley Genetics and Pathology | Agronomic Practices and Intercropping Systems,Faculty is in ME department but does pure Biomedical/Robotics/Materials research
Zachariah Etienne,University of Idaho,549,GENUINE_NON_AERO_FACULTY,A5010073173,A5010073173,Pulsars and Gravitational Waves Research | Gamma-ray bursts and supernovae | Astrophysical Phenomena and Observations,Faculty is in ME department but does pure Biomedical/Robotics/Materials research
Seid Koric,University of Illinois Urbana-Champaign,566,GENUINE_NON_AERO_FACULTY,A5032466147,A5032466147,Model Reduction and Neural Networks | Metallurgical Processes and Thermodynamics | Machine Learning in Materials Science,Faculty is in ME department but does pure Biomedical/Robotics/Materials research
Albert Ratner,University of Iowa,571,NAMESAKE_MISMATCH_FOUND_AND_CORRECTED,A5133049131,A5058254747,Combustion and flame dynamics | Thermochemical Biomass Conversion Processes | Advanced Combustion Engine Technologies,Replaced with true Aero/Fluids profile (MEDIUM)
Wilhelm Friess,University of Maine,595,GENUINE_NON_AERO_FACULTY,A5135511372,A5135511372,Wood Treatment and Properties | Masonry and Concrete Structural Analysis | Hygrothermal properties of building materials,Faculty is in ME department but does pure Biomedical/Robotics/Materials research
Vipin Agarwal,University of Memphis,613,GENUINE_NON_AERO_FACULTY,A5068661241,A5068661241,Antibiotics Pharmacokinetics and Efficacy | Analytical Chemistry and Chromatography | Chaos control and synchronization,Faculty is in ME department but does pure Biomedical/Robotics/Materials research
Yong Hoon Lee,University of Memphis,610,GENUINE_NON_AERO_FACULTY,A5007488043,A5007488043,Advanced Wireless Communication Techniques | Image and Signal Denoising Methods | Advanced Adaptive Filtering Techniques,Faculty is in ME department but does pure Biomedical/Robotics/Materials research
Francesco Travascio,University of Miami,616,GENUINE_NON_AERO_FACULTY,A5045617737,A5045617737,Spine and Intervertebral Disc Pathology | Musculoskeletal pain and rehabilitation | Knee injuries and reconstruction techniques,Faculty is in ME department but does pure Biomedical/Robotics/Materials research
Kaan Inal,University of Miami,615,GENUINE_NON_AERO_FACULTY,A5072219664,A5072219664,Supercapacitor Materials and Fabrication | Advanced Sensor and Energy Harvesting Materials | Aluminum Alloy Microstructure Properties,Faculty is in ME department but does pure Biomedical/Robotics/Materials research
Asaf Dana,University of Nebraska-Lincoln,650,GENUINE_NON_AERO_FACULTY,A5020220667,A5020220667,Advanced Materials and Mechanics | Shape Memory Alloy Transformations | Advanced Sensor and Energy Harvesting Materials,Faculty is in ME department but does pure Biomedical/Robotics/Materials research
Claus Danielson,University of New Mexico,668,GENUINE_NON_AERO_FACULTY,A5072891938,A5072891938,Advanced Control Systems Optimization | Control Systems and Identification | Robotic Path Planning Algorithms,Faculty is in ME department but does pure Biomedical/Robotics/Materials research
Wenbin Wan,University of New Mexico,669,GENUINE_NON_AERO_FACULTY,A5100544289,A5100544289,Fault Detection and Control Systems | Advanced Control Systems Optimization | Traffic control and management,Faculty is in ME department but does pure Biomedical/Robotics/Materials research
Amirhossein Ghasemi,University of North Carolina at Charlotte,674,GENUINE_NON_AERO_FACULTY,A5021746158,A5021746158,Human-Automation Interaction and Safety | Traffic control and management | Occupational Health and Safety Research,Faculty is in ME department but does pure Biomedical/Robotics/Materials research
Meng Wang,University of Notre Dame,684,NAMESAKE_MISMATCH_FOUND_AND_CORRECTED,A5100377147,A5100377087,Fluid Dynamics and Turbulent Flows | Fluid Dynamics and Vibration Analysis | Wind and Air Flow Studies,Replaced with true Aero/Fluids profile (MEDIUM)
Diogo Merguizo Sanchez,University of Oklahoma,695,BORDERLINE_OR_VERIFIED_CURRENT,A5088373890,A5088373890,Astro and Planetary Science | Planetary Science and Exploration | Spacecraft Dynamics and Control,Current ID is the best available
Douglas J. Durian,University of Pennsylvania,700,GENUINE_NON_AERO_FACULTY,A5052862439,A5052862439,Granular flow and fluidized beds | Pickering emulsions and particle stabilization | Material Dynamics and Properties,Faculty is in ME department but does pure Biomedical/Robotics/Materials research
Prashant K. Purohit,University of Pennsylvania,698,GENUINE_NON_AERO_FACULTY,A5044032256,A5044032256,Force Microscopy Techniques and Applications | Blood properties and coagulation | Cellular Mechanics and Interactions,Faculty is in ME department but does pure Biomedical/Robotics/Materials research
Arun Shukla,University of Rhode Island,710,NAMESAKE_MISMATCH_FOUND_AND_CORRECTED,A5101420666,A5111232665,Structural Response to Dynamic Loads | Energetic Materials and Combustion | Ultrasound and Cavitation Phenomena,Replaced with true Aero/Fluids profile (HIGH)
Lora Van Uffelen,University of Rhode Island,709,GENUINE_NON_AERO_FACULTY,A5007991557,A5007991557,Underwater Acoustics Research | Underwater Vehicles and Communication Systems | Marine animal studies overview,Faculty is in ME department but does pure Biomedical/Robotics/Materials research
M. Reza Hashemi,University of Rhode Island,707,GENUINE_NON_AERO_FACULTY,A5060805462,A5060805462,Ocean Waves and Remote Sensing | Terahertz technology and applications | Tropical and Extratropical Cyclones Research,Faculty is in ME department but does pure Biomedical/Robotics/Materials research
Adam B. Sefkow,University of Rochester,718,GENUINE_NON_AERO_FACULTY,A5060976626,A5060976626,Laser-Plasma Interactions and Diagnostics | Magnetic confinement fusion research | Particle accelerators and beam dynamics,Faculty is in ME department but does pure Biomedical/Robotics/Materials research
Danae N. Polsin,University of Rochester,719,GENUINE_NON_AERO_FACULTY,A5075763728,A5075763728,High-pressure geophysics and materials | Laser-Plasma Interactions and Diagnostics | Diamond and Carbon-based Materials Research,Faculty is in ME department but does pure Biomedical/Robotics/Materials research
Sean P. Regan,University of Rochester,721,GENUINE_NON_AERO_FACULTY,A5106945148,A5106945148,Laser-Plasma Interactions and Diagnostics | High-pressure geophysics and materials | Fusion materials and technologies,Faculty is in ME department but does pure Biomedical/Robotics/Materials research
Joseph Jiong Wang,University of Southern California,751,GENUINE_NON_AERO_FACULTY,A5069491860,A5069491860,Ionosphere and magnetosphere dynamics | Solar and Space Plasma Dynamics | Geomagnetism and Paleomagnetism Studies,Faculty is in ME department but does pure Biomedical/Robotics/Materials research
Niema M. Pahlevan,University of Southern California,748,GENUINE_NON_AERO_FACULTY,A5003076379,A5003076379,Cardiac electrophysiology and arrhythmias | ECG Monitoring and Analysis | Non-Invasive Vital Sign Monitoring,Faculty is in ME department but does pure Biomedical/Robotics/Materials research
Roger Ghanem,University of Southern California,750,NAMESAKE_MISMATCH_FOUND_AND_CORRECTED,A5006138292,A5075501406,Probabilistic and Robust Engineering Design | Combustion and flame dynamics | Advanced Combustion Engine Technologies,Replaced with true Aero/Fluids profile (HIGH)
Jasim Imran,University of South Carolina,726,GENUINE_NON_AERO_FACULTY,A5087044762,A5087044762,Hydrology and Sediment Transport Processes | Geological formations and processes | Hydraulic flow and structures,Faculty is in ME department but does pure Biomedical/Robotics/Materials research
Lingyu Yu,University of South Carolina,727,GENUINE_NON_AERO_FACULTY,A5043313332,A5043313332,Ultrasonics and Acoustic Wave Propagation | Structural Health Monitoring Techniques | Non-Destructive Testing Techniques,Faculty is in ME department but does pure Biomedical/Robotics/Materials research
Andrea D'Ambrosio,University of South Florida,736,BORDERLINE_OR_VERIFIED_CURRENT,A5128427065,A5128427065,Spacecraft Dynamics and Control | Space Satellite Systems and Control | Adaptive Dynamic Programming Control,Current ID is the best available
Anshuman Pandey,University of South Florida,731,NAMESAKE_MISMATCH_FOUND_AND_CORRECTED,A5137449393,A5124099907,Computational Fluid Dynamics and Aerodynamics | Aerodynamics and Acoustics in Jet Flows | Fluid Dynamics and Turbulent Flows,Replaced with true Aero/Fluids profile (HIGH)
David Murphy,University of South Florida,735,GENUINE_NON_AERO_FACULTY,A5044560051,A5044560051,History and Developments in Astronomy | Neuroendocrine regulation and behavior | Australian History and Society,Faculty is in ME department but does pure Biomedical/Robotics/Materials research
Wenbin Mao,University of South Florida,734,GENUINE_NON_AERO_FACULTY,A5021749995,A5021749995,Crystallization and Solubility Studies | Greenhouse Technology and Climate Control | X-ray Diffraction in Crystallography,Faculty is in ME department but does pure Biomedical/Robotics/Materials research
Peng Zhao,University of Tennessee-Knoxville / UT Space Institute,764,NAMESAKE_MISMATCH_FOUND_AND_CORRECTED,A5057131883,A5000419166,Advanced Combustion Engine Technologies | Combustion and flame dynamics | Combustion and Detonation Processes,Replaced with true Aero/Fluids profile (MEDIUM)
Yonas Tadesse,University of Texas at Dallas,775,GENUINE_NON_AERO_FACULTY,A5067149414,A5067149414,Advanced Sensor and Energy Harvesting Materials | Advanced Materials and Mechanics | Soft Robotics and Applications,Faculty is in ME department but does pure Biomedical/Robotics/Materials research
Hai-Chao Han,University of Texas at San Antonio,784,GENUINE_NON_AERO_FACULTY,A5053647070,A5053647070,Evaluation of Teaching Practices | Evaluation and Performance Assessment,Faculty is in ME department but does pure Biomedical/Robotics/Materials research
Xiaowei He,University of Utah,792,NAMESAKE_MISMATCH_FOUND_AND_CORRECTED,A5060690411,A5035637848,Fluid Dynamics and Turbulent Flows | Aerodynamics and Fluid Dynamics Research | Aerodynamics and Acoustics in Jet Flows,Replaced with true Aero/Fluids profile (MEDIUM)
Thomas Breunung,University of Wisconsin-Madison,817,GENUINE_NON_AERO_FACULTY,A5091725677,A5091725677,Bladed Disk Vibration Dynamics | Structural Health Monitoring Techniques | Probabilistic and Robust Engineering Design,Faculty is in ME department but does pure Biomedical/Robotics/Materials research
Ilya Avdeev,University of Wisconsin-Milwaukee,822,GENUINE_NON_AERO_FACULTY,A5065129077,A5065129077,Quantum Dots Synthesis And Properties | Chalcogenide Semiconductor Thin Films | Semiconductor Quantum Structures and Devices,Faculty is in ME department but does pure Biomedical/Robotics/Materials research
Nathan Salowitz,University of Wisconsin-Milwaukee,823,GENUINE_NON_AERO_FACULTY,A5063950022,A5063950022,Ultrasonics and Acoustic Wave Propagation | Smart Materials for Construction | Advanced Sensor and Energy Harvesting Materials,Faculty is in ME department but does pure Biomedical/Robotics/Materials research
William D. Musinski,University of Wisconsin-Milwaukee,824,GENUINE_NON_AERO_FACULTY,A5005595633,A5005595633,Fatigue and fracture mechanics | High Temperature Alloys and Creep | Additive Manufacturing Materials and Processes,Faculty is in ME department but does pure Biomedical/Robotics/Materials research
Amit Pathak,Washington University in St. Louis,842,GENUINE_NON_AERO_FACULTY,A5031107951,A5031107951,Cellular Mechanics and Interactions | 3D Printing in Biomedical Research | Cancer Cells and Metastasis,Faculty is in ME department but does pure Biomedical/Robotics/Materials research
Philip Bayly,Washington University in St. Louis,841,GENUINE_NON_AERO_FACULTY,A5045394358,A5045394358,Elasticity and Material Modeling | Automotive and Human Injury Biomechanics | Ultrasound Imaging and Elastography,Faculty is in ME department but does pure Biomedical/Robotics/Materials research
Longsheng Feng,Wayne State University,849,GENUINE_NON_AERO_FACULTY,A5038736444,A5038736444,High Temperature Alloys and Creep | Advancements in Battery Materials | High Entropy Alloys Studies,Faculty is in ME department but does pure Biomedical/Robotics/Materials research
Mahbub Islam,Wayne State University,850,GENUINE_NON_AERO_FACULTY,A5046600331,A5046600331,Advanced Battery Materials and Technologies | Advancements in Battery Materials | Graphene research and applications,Faculty is in ME department but does pure Biomedical/Robotics/Materials research
Mohammad A. Bukhari,Wayne State University,851,GENUINE_NON_AERO_FACULTY,A5041466042,A5041466042,Acoustic Wave Phenomena Research | Metamaterials and Metasurfaces Applications | Innovative Energy Harvesting Technologies,Faculty is in ME department but does pure Biomedical/Robotics/Materials research
