Name,OpenAlex ID,Works Count,Citations,h-index,Matched Domain Topic,Top Topics
Chris H. Greene,A5060707857,725,18698,70,"Quantum, superfluid, helium dynamics",Cold Atom Physics and Bose-Einstein Condensates | Advanced Chemical Physics Studies | Atomic and Molecular Physics
P. B. Shepson,A5038522942,594,23740,85,Atmospheric and Environmental Gas Dynamics,Atmospheric chemistry and aerosols | Atmospheric and Environmental Gas Dynamics | Atmospheric Ozone and Climate
Pavlos P. Vlachos,A5036194518,543,7082,42,Fluid Dynamics and Turbulent Flows,Fluid Dynamics and Turbulent Flows | Cardiovascular Function and Risk Factors | Particle Dynamics in Fluid Flows
Steven T. Wereley,A5044643029,525,12664,45,Microfluidic and Bio-sensing Technologies,Microfluidic and Bio-sensing Technologies | Microfluidic and Capillary Electrophoresis Applications | Fluid Dynamics and Turbulent Flows
Steven F. Son,A5054546371,475,12990,58,Energetic Materials and Combustion,Energetic Materials and Combustion | Rocket and propulsion systems research | Combustion and Detonation Processes
Qianlai Zhuang,A5057772380,473,19763,71,Atmospheric and Environmental Gas Dynamics,Atmospheric and Environmental Gas Dynamics | Climate change and permafrost | Methane Hydrates and Related Phenomena
Suresh V. Garimella,A5111455960,472,23925,88,Fluid Dynamics and Thin Films,Heat Transfer and Optimization | Heat Transfer and Boiling Studies | Heat Transfer Mechanisms
J. Stuart Bolton,A5063803562,467,3927,29,Aerodynamics and Acoustics in Jet Flows,Acoustic Wave Phenomena Research | Vehicle Noise and Vibration Control | Aerodynamics and Acoustics in Jet Flows
Alejandro Strachan,A5036381334,434,10532,50,Energetic Materials and Combustion,Energetic Materials and Combustion | High-pressure geophysics and materials | Machine Learning in Materials Science
