Faculty Name,University,Department,OpenAlex ID,Reason,Top Topics,Sample Landmark Paper
Davide Guzzetti,Auburn University,Department of Aerospace Engineering,A5067499279,ZERO_AERO_OR_FLUIDS_MATCH,Space Satellite Systems and Control | Spacecraft Dynamics and Control | Astro and Planetary Science,Path planning for asteroid hopping rovers with pre-trained deep reinforcement learning architectures
Jifu Tan,Binghamton University,Department of Mechanical Engineering,A5091228489,ZERO_AERO_OR_FLUIDS_MATCH,Lattice Boltzmann Simulation Studies | Blood properties and coagulation | Nanoparticle-Based Drug Delivery,The Shape of Things to Come: Importance of Design in Nanotechnology for Drug Delivery
Douglas P. Holmes,Boston University,Department of Mechanical Engineering,A5032824164,ZERO_AERO_OR_FLUIDS_MATCH,Advanced Materials and Mechanics | Structural Analysis and Optimization | Advanced Sensor and Energy Harvesting Materials,Snapping Surfaces
Raymond Nagem,Boston University,Department of Mechanical Engineering,A5020228355,ZERO_AERO_OR_FLUIDS_MATCH,Acoustic Wave Phenomena Research | Underwater Acoustics Research | Structural Health Monitoring Techniques,Dynamic Analysis of Large Space Structures Using Transfer Matrices and Joint Coupling Matrices
Sean B. Andersson,Boston University,Department of Mechanical Engineering,A5081816980,ZERO_AERO_OR_FLUIDS_MATCH,Advanced Fluorescence Microscopy Techniques | Force Microscopy Techniques and Applications | Distributed Control Multi-Agent Systems,"A Tutorial on the Mechanisms, Dynamics, and Control of Atomic Force Microscopes"
Amir Barati Farimani,Carnegie Mellon University,Department of Mechanical Engineering,A5008745801,ZERO_AERO_OR_FLUIDS_MATCH,Machine Learning in Materials Science | Model Reduction and Neural Networks | Computational Drug Discovery Methods,Molecular contrastive learning of representations via graph neural networks
Carmel Majidi,Carnegie Mellon University,Department of Mechanical Engineering,A5050506400,ZERO_AERO_OR_FLUIDS_MATCH,Advanced Sensor and Energy Harvesting Materials | Advanced Materials and Mechanics | Soft Robotics and Applications,Soft Robotics: A Perspective—Current Trends and Prospects for the Future
Gerald J. Wang,Carnegie Mellon University,Department of Mechanical Engineering / Department of Civil and Environmental Engineering,A5089348063,ZERO_AERO_OR_FLUIDS_MATCH,Bladder and Urothelial Cancer Treatments | Nanopore and Nanochannel Transport Studies | Urological Disorders and Treatments,A Comparison of Postoperative Complications in Open versus Robotic Cystectomy
Philip LeDuc,Carnegie Mellon University,Department of Mechanical Engineering,A5059723823,ZERO_AERO_OR_FLUIDS_MATCH,3D Printing in Biomedical Research | Cellular Mechanics and Interactions | Microfluidic and Bio-sensing Technologies,Subcellular positioning of small molecules
Ethan Kung,Clemson University,Department of Mechanical Engineering,A5083766821,ZERO_AERO_OR_FLUIDS_MATCH,Mechanical Circulatory Support Devices | Congenital Heart Disease Studies | Cardiovascular Function and Risk Factors,In Vitro Validation of Finite Element Analysis of Blood Flow in Deformable Models
Zhen Li,Clemson University,Department of Mechanical Engineering,A5100332581,ZERO_AERO_OR_FLUIDS_MATCH,Luminescence and Fluorescent Materials | Organic Light-Emitting Diodes Research | Molecular Sensors and Ion Detection,The influence of the molecular packing on the room temperature phosphorescence of purely organic luminogens
Azer Yalin,Colorado State University,Department of Mechanical Engineering,A5002311146,ZERO_AERO_OR_FLUIDS_MATCH,Laser-induced spectroscopy and plasma | Plasma Diagnostics and Applications | Spectroscopy and Laser Applications,Laser-Induced Breakdown Spectroscopy for In-Cylinder Equivalence Ratio Measurements in Laser-Ignited Natural Gas Engines
Laura Ray,Dartmouth College,Thayer School of Engineering,A5000034078,ZERO_AERO_OR_FLUIDS_MATCH,Structural Health Monitoring Techniques | Vehicle Dynamics and Control Systems | Speech and Audio Processing,"Nonlinear Tire Force Estimation and Road Friction Identification: Simulation and Experiments ,"
Mary Albert,Dartmouth College,Thayer School of Engineering,A5019935739,ZERO_AERO_OR_FLUIDS_MATCH,Cryospheric studies and observations | Winter Sports Injuries and Performance | Landslides and related hazards,The extreme melt across the Greenland ice sheet in 2012
Yan Li,Dartmouth College,Thayer School of Engineering,A5100380336,ZERO_AERO_OR_FLUIDS_MATCH,Carbon Nanotubes in Composites | Graphene research and applications | Supercapacitor Materials and Fabrication,Computation of Octanol−Water Partition Coefficients by Guiding an Additive Model with Knowledge
Sorin Siegler,Drexel University,Department of Mechanical Engineering and Mechanics,A5056477793,ZERO_AERO_OR_FLUIDS_MATCH,Foot and Ankle Surgery | Lower Extremity Biomechanics and Pathologies | Orthopedic Surgery and Rehabilitation,"ISB recommendation on definitions of joint coordinate system of various joints for the reporting of human joint motion—part I: ankle, hip, and spine"
Lawrie Virgin,Duke University,Thomas Lord Department of Mechanical Engineering and Materials Science,A5112324221,ZERO_AERO_OR_FLUIDS_MATCH,Optical measurement and interference techniques | Structural Health Monitoring Techniques | Vibration and Dynamic Analysis,On the Free Vibration of 3D-Printed Structural Elements
Michael Zavlanos,Duke University,Thomas Lord Department of Mechanical Engineering and Materials Science,A5080808780,ZERO_AERO_OR_FLUIDS_MATCH,Distributed Control Multi-Agent Systems | Reinforcement Learning in Robotics | Formal Methods in Verification,Graph-theoretic connectivity control of mobile robot networks
Wilkins Aquino,Duke University,Thomas Lord Department of Mechanical Engineering and Materials Science,A5067331647,ZERO_AERO_OR_FLUIDS_MATCH,Structural Health Monitoring Techniques | Ultrasonics and Acoustic Wave Propagation | Ultrasound Imaging and Elastography,The influence of metakaolin and silica fume on the chemistry of alkali–silica reaction products
Anouck Girard,Embry-Riddle Aeronautical University,Department of Aerospace Engineering,A5074685221,ZERO_AERO_OR_FLUIDS_MATCH,Robotic Path Planning Algorithms | Traffic control and management | Autonomous Vehicle Technology and Safety,Game Theoretic Modeling of Driver and Vehicle Interactions for Verification and Validation of Autonomous Vehicle Control Systems
Hever Moncayo,Embry-Riddle Aeronautical University,Department of Aerospace Engineering,A5092115716,ZERO_AERO_OR_FLUIDS_MATCH,Indoor and Outdoor Localization Technologies | Target Tracking and Data Fusion in Sensor Networks | Inertial Sensor and Navigation,Q-Learning Model Covariance Adaptation of Rao-Blackwellized Particle Filtering in Airborne Geomagnetic Navigation
Troy Henderson,Embry-Riddle Aeronautical University,Department of Aerospace Engineering,A5136746287,ZERO_AERO_OR_FLUIDS_MATCH,Radiation Dose and Imaging | Inertial Sensor and Navigation | Adaptive optics and wavefront sensing,Tiled Plate Solving and Distortion Correction for Robust Star Tracking in WFOV Imagery
Daniel Kirk,Florida Institute of Technology,"Department of Aerospace, Physics and Space Sciences",A5108383999,ZERO_AERO_OR_FLUIDS_MATCH,"Terrorism, Counterterrorism, and Political Violence | Traumatic Brain Injury Research | Traumatic Brain Injury and Neurovascular Disturbances",Morphologic and Biochemical Characterization of Brain Injury in a Model of Controlled Blast Overpressure Exposure
Manasvi Lingam,Florida Institute of Technology,"Department of Aerospace, Physics and Space Sciences",A5011292867,ZERO_AERO_OR_FLUIDS_MATCH,"Astro and Planetary Science | Space Science and Extraterrestrial Life | Stellar, planetary, and galactic studies",Atmospheric escape from the TRAPPIST-1 planets and implications for habitability
Daigo Shishika,George Mason University,Department of Mechanical Engineering,A5057044271,ZERO_AERO_OR_FLUIDS_MATCH,Guidance and Control Systems | Distributed Control Multi-Agent Systems | Military Defense Systems Analysis,Cooperative Team Strategies for Multi-Player Perimeter-Defense Games
Pouya Rezai,George Mason University,Department of Mechanical Engineering,A5012797210,ZERO_AERO_OR_FLUIDS_MATCH,"Microfluidic and Capillary Electrophoresis Applications | Genetics, Aging, and Longevity in Model Organisms | Microfluidic and Bio-sensing Technologies","Recent advances in biosensors for real time monitoring of pH, temperature, and oxygen in chronic wounds"
Taeyoung Lee,George Washington University,Mechanical & Aerospace Engineering,A5020132536,ZERO_AERO_OR_FLUIDS_MATCH,Adaptive Control of Nonlinear Systems | Inertial Sensor and Navigation | Numerical methods for differential equations,Geometric tracking control of a quadrotor UAV on SE(3)
L. Mahadevan,Harvard University,"John A. Paulson School of Engineering and Applied Sciences (SEAS) / Applied Mathematics, Physics & OEB",A5063432831,ZERO_AERO_OR_FLUIDS_MATCH,Advanced Materials and Mechanics | Cellular Mechanics and Interactions | Micro and Nano Robotics,Biomimetic 4D printing
Robin Wordsworth,Harvard University,John A. Paulson School of Engineering and Applied Sciences (SEAS) / Environmental Science and Engineering,A5008740857,ZERO_AERO_OR_FLUIDS_MATCH,"Astro and Planetary Science | Planetary Science and Exploration | Stellar, planetary, and galactic studies",Growth model interpretation of planet size distribution
Matthew Spenko,Illinois Institute of Technology,"Department of Mechanical, Materials, and Aerospace Engineering",A5135300073,ZERO_AERO_OR_FLUIDS_MATCH,"Conservation, Biodiversity, and Resource Management | Forest Management and Policy | Agroforestry and silvopastoral systems",Editorial: Special Issue on the XPRIZE Rainforest Competition
Kaliat (K.T.) Ramesh,Johns Hopkins University,Department of Mechanical Engineering,A5033981216,ZERO_AERO_OR_FLUIDS_MATCH,High-Velocity Impact and Material Behavior | Microstructure and mechanical properties | Aluminum Alloys Composites Properties,Effect of nanocrystalline and ultrafine grain sizes on the strain rate sensitivity and activation volume: fcc versus bcc metals
Warren N. White,Kansas State University,Alan Levin Department of Mechanical and Nuclear Engineering,A5110272170,ZERO_AERO_OR_FLUIDS_MATCH,Dynamics and Control of Mechanical Systems | Wind Turbine Control Systems | Control and Stability of Dynamical Systems,Torsional Vibrations Mitigation in the Drivetrain of DFIG-Based Grid-Connected Wind Turbine
Qiqi Wang,Massachusetts Institute of Technology,Department of Aeronautics and Astronautics,A5101519071,ZERO_AERO_OR_FLUIDS_MATCH,Soil Carbon and Nitrogen Dynamics | Molecular Sensors and Ion Detection | Supramolecular Chemistry and Complexes,Analysis of therapeutic targets for SARS-CoV-2 and discovery of potential drugs by computational methods
Youssef M. Marzouk,Massachusetts Institute of Technology,Department of Aeronautics and Astronautics / CCSE,A5071702167,ZERO_AERO_OR_FLUIDS_MATCH,Gaussian Processes and Bayesian Inference | Markov Chains and Monte Carlo Methods | Probabilistic and Robust Engineering Design,Stochastic spectral methods for efficient Bayesian solution of inverse problems
David Olson,Michigan State University,Department of Mechanical Engineering,A5044286863,ZERO_AERO_OR_FLUIDS_MATCH,Regulation of Appetite and Obesity | Biochemical Analysis and Sensing Techniques | Advanced Materials Characterization Techniques,Osteoblastic cells regulate the haematopoietic stem cell niche
Zhaojian Li,Michigan State University,Department of Mechanical Engineering,A5037274043,ZERO_AERO_OR_FLUIDS_MATCH,Traffic control and management | Autonomous Vehicle Technology and Safety | Advanced Control Systems Optimization,Multi-Agent Deep Reinforcement Learning for Large-Scale Traffic Signal Control
Susanta Ghosh,Michigan Technological University,Department of Mechanical and Aerospace Engineering,A5012521601,ZERO_AERO_OR_FLUIDS_MATCH,Carbon Nanotubes in Composites | Machine Learning in Materials Science | Numerical methods in engineering,A novel sequential method to train physics informed neural networks for Allen Cahn and Cahn Hilliard equations
Yaofa Li,Montana State University,Department of Mechanical & Industrial Engineering,A5051282109,ZERO_AERO_OR_FLUIDS_MATCH,Enhanced Oil Recovery Techniques | Lattice Boltzmann Simulation Studies | Heat and Mass Transfer in Porous Media,BEARING CONDITION DIAGNOSTICS VIA VIBRATION AND ACOUSTIC EMISSION MEASUREMENTS
Pushpendra Singh,New Jersey Institute of Technology,Department of Mechanical and Industrial Engineering,A5028236116,ZERO_AERO_OR_FLUIDS_MATCH,Mycobacterium research and diagnosis | Nuclear physics research studies | Smart Grid Energy Management,A new formulation of the distributed Lagrange multiplier/fictitious domain method for particulate flows
Qiong Liu,New Mexico State University,Department of Mechanical and Aerospace Engineering,A5100336311,ZERO_AERO_OR_FLUIDS_MATCH,Selenium in Biological Systems | Trace Elements in Health | Alzheimer's disease research and treatments,Changes of volatile compounds and odor profiles in Wuyi rock tea during processing
Yan Zhang,North Dakota State University,Department of Mechanical Engineering,A5100459168,ZERO_AERO_OR_FLUIDS_MATCH,Advanced Image and Video Retrieval Techniques | Domain Adaptation and Few-Shot Learning | Advanced Neural Network Applications,Swin Transformer: Hierarchical Vision Transformer using Shifted Windows
Yechun Wang,North Dakota State University,Department of Mechanical Engineering,A5008472420,ZERO_AERO_OR_FLUIDS_MATCH,Petroleum Processing and Analysis | Corrosion Behavior and Inhibition | Subcritical and Supercritical Water Processes,Free-standing and mechanically flexible mats consisting of electrospun carbon nanofibers made from a natural product of alkali lignin as binder-free electrodes for high-performance supercapacitors
Brian Wisner,Ohio University,Department of Mechanical Engineering,A5070352118,ZERO_AERO_OR_FLUIDS_MATCH,Non-Destructive Testing Techniques | Ultrasonics and Acoustic Wave Propagation | Fatigue and fracture mechanics,Investigation of the Z-binder role in progressive damage of 3D woven composites
David Quiroz,Ohio University,Department of Mechanical Engineering,A5103256094,ZERO_AERO_OR_FLUIDS_MATCH,Algal biology and biofuel production | Membrane Separation Technologies | Biofuel production and bioconversion,Driving toward sustainable algal fuels: A harmonization of techno-economic and life cycle assessments
Yahya Al-Majali,Ohio University,Department of Mechanical Engineering,A5081633426,ZERO_AERO_OR_FLUIDS_MATCH,Fiber-reinforced polymer composites | Advancements in Battery Materials | Graphene research and applications,Formation of Amorphous Carbon Multi‐Walled Nanotubes from Random Initial Configurations
Alexey Shashurin,Purdue University,School of Aeronautics and Astronautics,A5021284477,ZERO_AERO_OR_FLUIDS_MATCH,Plasma Diagnostics and Applications | Plasma Applications and Diagnostics | Vacuum and Plasma Arcs,Cold plasma selectivity and the possibility of a paradigm shift in cancer therapy
Guang Lin,Purdue University,Department of Mathematics / School of Mechanical Engineering,A5078138445,ZERO_AERO_OR_FLUIDS_MATCH,Model Reduction and Neural Networks | Probabilistic and Robust Engineering Design | Gaussian Processes and Bayesian Inference,EEG-based emotion recognition using 4D convolutional recurrent neural network
Haifeng Wang,Purdue University,School of Aeronautics and Astronautics,A5100386408,ZERO_AERO_OR_FLUIDS_MATCH,Catalytic Processes in Materials Science | Electrocatalysts for Energy Conversion | Advanced Photocatalysis Techniques,Creation of a needle of longitudinally polarized light in vacuum using binary optics
Lu Zhang,Rice University,Department of Computational Applied Mathematics and Operations Research,A5100388599,ZERO_AERO_OR_FLUIDS_MATCH,Hydrology and Watershed Management Studies | Plant Water Relations and Carbon Dynamics | Flood Risk Assessment and Management,Response of mean annual evapotranspiration to vegetation changes at catchment scale
Matthias Heinkenschloss,Rice University,Department of Computational Applied Mathematics and Operations Research,A5070192811,ZERO_AERO_OR_FLUIDS_MATCH,Advanced Numerical Methods in Computational Mathematics | Model Reduction and Neural Networks | Advanced Optimization Algorithms Research,Shape optimization in steady blood flow: A numerical study of non-Newtonian effects
Pol D. Spanos,Rice University,Department of Mechanical Engineering,A5110431873,ZERO_AERO_OR_FLUIDS_MATCH,Probabilistic and Robust Engineering Design | Structural Health Monitoring Techniques | Seismic Performance and Analysis,Stochastic Finite Elements: A Spectral Approach
Assimina A. Pelegri,Rutgers University-New Brunswick,Department of Mechanical and Aerospace Engineering,A5026532047,ZERO_AERO_OR_FLUIDS_MATCH,Mechanical Behavior of Composites | Elasticity and Material Modeling | Automotive and Human Injury Biomechanics,Numerical generation of a random chopped fiber composite RVE and its elastic properties
Hao Lin,Rutgers University-New Brunswick,Department of Mechanical and Aerospace Engineering,A5041539298,ZERO_AERO_OR_FLUIDS_MATCH,Machine Learning in Bioinformatics | RNA and protein synthesis mechanisms | Genomics and Phylogenetic Studies,iRSpot-PseDNC: identify recombination spots with pseudo dinucleotide composition
Jingang Yi,Rutgers University-New Brunswick,Department of Mechanical and Aerospace Engineering,A5090869394,ZERO_AERO_OR_FLUIDS_MATCH,Vehicle Dynamics and Control Systems | Robotic Locomotion and Control | Prosthetics and Rehabilitation Robotics,Kinematic Modeling and Analysis of Skid-Steered Mobile Robots With Applications to Low-Cost Inertial-Measurement-Unit-Based Motion Estimation
Liping Liu,Rutgers University-New Brunswick,Department of Mathematics / Department of Mechanical and Aerospace Engineering,A5100352454,ZERO_AERO_OR_FLUIDS_MATCH,Acute Ischemic Stroke Management | Cerebrovascular and Carotid Artery Diseases | Intracerebral and Subarachnoid Hemorrhage Research,Identification of a unique TGF-β–dependent molecular and functional signature in microglia
Eric Darve,Stanford University,Department of Mechanical Engineering / ICME,A5061822097,ZERO_AERO_OR_FLUIDS_MATCH,Electromagnetic Scattering and Analysis | Matrix Theory and Algorithms | Model Reduction and Neural Networks,Calculating free energies using average force
Amit K. Sanyal,Syracuse University,Department of Mechanical and Aerospace Engineering,A5079524565,ZERO_AERO_OR_FLUIDS_MATCH,Adaptive Control of Nonlinear Systems | Inertial Sensor and Navigation | Control and Dynamics of Mobile Robots,Rigid-Body Attitude Control
Bing Dong,Syracuse University,Department of Mechanical and Aerospace Engineering,A5050035609,ZERO_AERO_OR_FLUIDS_MATCH,Building Energy and Comfort Optimization | Smart Grid Energy Management | Wind and Air Flow Studies,Applying support vector machines to predict building energy consumption in tropical region
Yeqing Wang,Syracuse University,Department of Mechanical and Aerospace Engineering,A5064144710,ZERO_AERO_OR_FLUIDS_MATCH,Lightning and Electromagnetic Phenomena | Electrical Fault Detection and Protection | Cellular and Composite Structures,Forms of Soil Phosphorus in Selected Hydrologic Units of the Florida Everglades
Damoon Soudbakhsh,Temple University,Department of Mechanical Engineering,A5035570579,ZERO_AERO_OR_FLUIDS_MATCH,Advanced Battery Technologies Research | Advancements in Battery Materials | Vehicle Dynamics and Control Systems,The impact of lightweighting and battery technologies on the sustainability of electric vehicles: A comprehensive life cycle assessment
Haijun Liu,Temple University,Department of Mechanical Engineering,A5100652355,ZERO_AERO_OR_FLUIDS_MATCH,Photosynthetic Processes and Mechanisms | Algal biology and biofuel production | Photoreceptor and optogenetics research,Phycobilisomes Supply Excitations to Both Photosystems in a Megacomplex in Cyanobacteria
Mohammad F. Kiani,Temple University,Department of Mechanical Engineering,A5011547126,ZERO_AERO_OR_FLUIDS_MATCH,"Cell Adhesion Molecules Research | Angiogenesis and VEGF in Cancer | Neutrophil, Myeloperoxidase and Oxidative Mechanisms","Classification, Treatment Strategy, and Associated Drug Resistance in Breast Cancer"
Parsaoran Hutapea,Temple University,Department of Mechanical Engineering,A5071236120,ZERO_AERO_OR_FLUIDS_MATCH,Soft Robotics and Applications | Shape Memory Alloy Transformations | Surgical Sutures and Adhesives,A model to predict deflection of bevel-tipped active needle advancing in soft tissue
Philip Dames,Temple University,Department of Mechanical Engineering,A5070031738,ZERO_AERO_OR_FLUIDS_MATCH,Target Tracking and Data Fusion in Sensor Networks | Robotics and Sensor-Based Localization | Distributed Control Multi-Agent Systems,A Survey on Aerial Swarm Robotics
Dugan Um,Texas A&M University-Corpus Christi,Department of Engineering,A5055158183,ZERO_AERO_OR_FLUIDS_MATCH,Robotic Path Planning Algorithms | Manufacturing Process and Optimization | Robotics and Sensor-Based Localization,A modularized sensitive skin for motion planning in uncertain environments
Hua Zhang,Texas A&M University-Corpus Christi,Department of Engineering,A5100408669,ZERO_AERO_OR_FLUIDS_MATCH,2D Materials and Applications | Electrocatalysts for Energy Conversion | Advanced Photocatalysis Techniques,The chemistry of two-dimensional layered transition metal dichalcogenide nanosheets
Jose Baca,Texas A&M University-Corpus Christi,Department of Engineering,A5068841661,ZERO_AERO_OR_FLUIDS_MATCH,Modular Robots and Swarm Intelligence | Micro and Nano Robotics | Optimization and Search Problems,ModRED: Hardware design and reconfiguration planning for a high dexterity modular self-reconfigurable robot for extra-terrestrial exploration
Philippe Tissot,Texas A&M University-Corpus Christi,Department of Engineering / Conrad Blucher Institute,A5034844392,ZERO_AERO_OR_FLUIDS_MATCH,Coastal and Marine Dynamics | Oceanographic and Atmospheric Processes | Meteorological Phenomena and Simulations,β phase and γ−β metal-insulator transition in multiferroic BiFeO3
Hong Zhou,Texas A&M University-Kingsville,Department of Mechanical and Industrial Engineering,A5035298559,ZERO_AERO_OR_FLUIDS_MATCH,Metal-Organic Frameworks: Synthesis and Applications | X-ray Diffraction in Crystallography | Crystallization and Solubility Studies,Selective gas adsorption and separation in metal–organic frameworks
Selahattin Ozcelik,Texas A&M University-Kingsville,Department of Mechanical and Industrial Engineering,A5006553853,ZERO_AERO_OR_FLUIDS_MATCH,Advanced Control Systems Optimization | Adaptive Control of Nonlinear Systems | Wind Energy Research and Development,Review on Dynamics of Offshore Floating Wind Turbine Platforms
Diego Turo,The Catholic University of America,Department of Mechanical Engineering,A5066827008,ZERO_AERO_OR_FLUIDS_MATCH,Underwater Acoustics Research | Acoustic Wave Phenomena Research | Seismic Waves and Analysis,Dry Needling Alters Trigger Points in the Upper Trapezius Muscle and Reduces Pain in Subjects With Chronic Myofascial Pain
Xiaolong Luo,The Catholic University of America,Department of Mechanical Engineering,A5030247401,ZERO_AERO_OR_FLUIDS_MATCH,3D Printing in Biomedical Research | Microfluidic and Bio-sensing Technologies | Innovative Microfluidic and Catalytic Techniques Innovation,Chitosan: an integrative biomaterial for lab-on-a-chip devices
George Biros,The University of Texas at Austin,Walker Department of Mechanical Engineering / Oden Institute,A5044137409,ZERO_AERO_OR_FLUIDS_MATCH,Electromagnetic Scattering and Analysis | Advanced Numerical Methods in Computational Mathematics | Medical Image Segmentation Techniques,A kernel-independent adaptive fast multipole algorithm in two and three dimensions
Deborah Ann Sunter,Tufts University,Department of Mechanical Engineering,A5015483872,ZERO_AERO_OR_FLUIDS_MATCH,Energy and Environment Impacts | Social Acceptance of Renewable Energy | Electric Power System Optimization,City-integrated renewable energy for urban sustainability
Igor Sokolov,Tufts University,Department of Mechanical Engineering,A5043516298,ZERO_AERO_OR_FLUIDS_MATCH,Force Microscopy Techniques and Applications | Cellular Mechanics and Interactions | Mesoporous Materials and Catalysis,A comparison of methods to assess cell mechanical properties
Ryan T. Glasser,Tulane University,Department of Physics and Engineering Physics,A5062235827,ZERO_AERO_OR_FLUIDS_MATCH,Quantum Information and Cryptography | Quantum optics and atomic interactions | Quantum Mechanics and Applications,Stimulated Generation of Superluminal Light Pulses via Four-Wave Mixing
Pasquale Cinnella,University of Alabama at Birmingham,Department of Mechanical and Materials Engineering,A5107872274,ZERO_AERO_OR_FLUIDS_MATCH,Spinal Fractures and Fixation Techniques | Scoliosis diagnosis and treatment | Spine and Intervertebral Disc Pathology,Surgical treatment of osteoporotic thoraco-lumbar compressive fractures: the use of pedicle screw with augmentation PMMA
David Jensen,University of Arkansas,Department of Mechanical Engineering,A5006681132,ZERO_AERO_OR_FLUIDS_MATCH,Bayesian Modeling and Causal Inference | Data Mining Algorithms and Applications | Complex Network Analysis Techniques,MaxProp: Routing for Vehicle-Based Disruption-Tolerant Networks
Min Zou,University of Arkansas,Department of Mechanical Engineering,A5080429701,ZERO_AERO_OR_FLUIDS_MATCH,"Metal and Thin Film Mechanics | Adhesion, Friction, and Surface Interactions | Tribology and Wear Analysis",Ultraviolet-visible spectroscopy of graphene oxides
Negar Mehr,University of California-Berkeley,Department of Mechanical Engineering / Aerospace Engineering Program,A5062267932,ZERO_AERO_OR_FLUIDS_MATCH,Traffic control and management | Transportation Planning and Optimization | Reinforcement Learning in Robotics,Maximum-Entropy Multi-Agent Dynamic Games: Forward and Inverse Solutions
Mohsen Habibi,University of California-Davis,Department of Mechanical and Aerospace Engineering,A5043573145,ZERO_AERO_OR_FLUIDS_MATCH,Advanced machining processes and optimization | Manufacturing Process and Optimization | Advanced Measurement and Metrology Techniques,Direct sound printing
Artur Davoyan,University of California-Los Angeles,Department of Mechanical and Aerospace Engineering,A5004879471,ZERO_AERO_OR_FLUIDS_MATCH,Plasmonic and Surface Plasmon Research | Photonic and Optical Devices | Metamaterials and Metasurfaces Applications,Materials challenges for the Starshot lightsail
Jason L. Speyer,University of California-Los Angeles,Department of Mechanical and Aerospace Engineering,A5069195481,ZERO_AERO_OR_FLUIDS_MATCH,Target Tracking and Data Fusion in Sensor Networks | Fault Detection and Control Systems | Guidance and Control Systems,A systems theory approach to the feedback stabilization of infinitesimal and finite-amplitude disturbances in plane Poiseuille flow
M. Khalid Jawed,University of California-Los Angeles,Department of Mechanical and Aerospace Engineering,A5055368146,ZERO_AERO_OR_FLUIDS_MATCH,Micro and Nano Robotics | Advanced Materials and Mechanics | Soft Robotics and Applications,Highly Dynamic Shape Memory Alloy Actuator for Fast Moving Soft Robots
Christopher A. Edwards,"University of California, Santa Cruz",Ocean Sciences,A5030115208,ZERO_AERO_OR_FLUIDS_MATCH,Oceanographic and Atmospheric Processes | Marine and coastal ecosystems | Climate variability and models,Impacts of the 2015–2016 El Niño on the California Current System: Early assessment and comparison to past events
Jerome Fiechter,"University of California, Santa Cruz",Ocean Sciences,A5065872306,ZERO_AERO_OR_FLUIDS_MATCH,Oceanographic and Atmospheric Processes | Marine and fisheries research | Marine and coastal ecosystems,ENSO and the C alifornia C urrent coastal upwelling response
Farhat Beg,University of California-San Diego,Department of Mechanical and Aerospace Engineering,A5083481557,ZERO_AERO_OR_FLUIDS_MATCH,Laser-Plasma Interactions and Diagnostics | Laser-induced spectroscopy and plasma | High-pressure geophysics and materials,Measurements of Energetic Proton Transport through Magnetized Plasma from Intense Laser Interactions with Solids
Jan Kleissl,University of California-San Diego,Department of Mechanical and Aerospace Engineering,A5024143856,ZERO_AERO_OR_FLUIDS_MATCH,Solar Radiation and Photovoltaics | Smart Grid Energy Management | Meteorological Phenomena and Simulations,Impact of the 2002 Canadian Forest Fires on Particulate Matter Air Quality in Baltimore City
Miroslav Krstic,University of California-San Diego,Department of Mechanical and Aerospace Engineering,A5018293076,ZERO_AERO_OR_FLUIDS_MATCH,Stability and Controllability of Differential Equations | Advanced Control Systems Optimization | Extremum Seeking Control Systems,Real-time optimization by extremum-seeking control
Hansen A. Mansy,University of Central Florida,Department of Mechanical and Aerospace Engineering,A5113834305,ZERO_AERO_OR_FLUIDS_MATCH,Phonocardiography and Auscultation Techniques | Non-Invasive Vital Sign Monitoring | Heart Rate Variability and Autonomic Control,Time-Frequency Distribution of Seismocardiographic Signals: A Comparative Study
Abhinav Sinha,University of Cincinnati,Department of Aerospace Engineering and Engineering Mechanics,A5022385451,ZERO_AERO_OR_FLUIDS_MATCH,Guidance and Control Systems | Distributed Control Multi-Agent Systems | Robotic Path Planning Algorithms,Cooperative integrated guidance and control design for simultaneous interception
Ahmed Allam,University of Cincinnati,Department of Mechanical and Materials Engineering,A5040270868,ZERO_AERO_OR_FLUIDS_MATCH,Microwave Engineering and Waveguides | Radio Frequency Integrated Circuit Design | Energy Harvesting in Wireless Networks,Mutual compensation of mobility and threshold voltage temperature effects with applications in CMOS circuits
Alireza Doostan,University of Colorado Boulder,Ann and H.J. Smead Department of Aerospace Engineering Sciences,A5005638433,ZERO_AERO_OR_FLUIDS_MATCH,Probabilistic and Robust Engineering Design | Model Reduction and Neural Networks | Advanced Multi-Objective Optimization Algorithms,A non-adapted sparse approximation of PDEs with stochastic inputs
Nicole Labbe,University of Colorado Boulder,Paul M. Rady Department of Mechanical Engineering,A5083124153,ZERO_AERO_OR_FLUIDS_MATCH,Lignin and Wood Chemistry | Biofuel production and bioconversion | Thermochemical Biomass Conversion Processes,Surface Functionality and Carbon Structures in Lignocellulosic-Derived Biochars Produced by Fast Pyrolysis
Xinyu Zhao,University of Connecticut,"School of Mechanical, Aerospace, and Manufacturing Engineering",A5100709184,ZERO_AERO_OR_FLUIDS_MATCH,Genetics and Neurodevelopmental Disorders | Epigenetics and DNA Methylation | Neurogenesis and neuroplasticity mechanisms,Effects of voluntary exercise on synaptic plasticity and gene expression in the dentate gyrus of adult male sprague–dawley rats in vivo
Abdullah Al Amin,University of Dayton,Department of Mechanical and Aerospace Engineering,A5091755527,ZERO_AERO_OR_FLUIDS_MATCH,Superconductivity in MgB2 and Alloys | Superconducting Materials and Applications | Physics of Superconductivity and Magnetism,Conceptual designs of conduction cooled MgB 2 magnets for 1.5 and 3.0 T full body MRI systems
David L. Burris,University of Delaware,Department of Mechanical Engineering,A5014060936,ZERO_AERO_OR_FLUIDS_MATCH,Tribology and Wear Analysis | Lubricants and Their Additives | Osteoarthritis Treatment and Mechanisms,A low friction and ultra low wear rate PEEK/PTFE composite
Félix L. Santiago-Collazo,University of Georgia,"School of Environmental, Civil, Agricultural and Mechanical Engineering",A5004814671,ZERO_AERO_OR_FLUIDS_MATCH,Tropical and Extratropical Cyclones Research | Coastal and Marine Dynamics | Flood Risk Assessment and Management,A comprehensive review of compound inundation models in low-gradient coastal watersheds
Matthew V. Bilskie,University of Georgia,"School of Environmental, Civil, Agricultural and Mechanical Engineering",A5057728869,ZERO_AERO_OR_FLUIDS_MATCH,Tropical and Extratropical Cyclones Research | Coastal and Marine Dynamics | Coastal wetland ecosystem dynamics,The dynamic effects of sea level rise on low‐gradient coastal landscapes: A review
R. Benjamin Davis,University of Georgia,"School of Environmental, Civil, Agricultural and Mechanical Engineering",A5074717370,ZERO_AERO_OR_FLUIDS_MATCH,Mathematics Education and Teaching Techniques | Structural Health Monitoring Techniques | Acoustic Wave Phenomena Research,Analysis of survival by tumor response.
Eva-Marie Nosal,University of Hawaii at Manoa,Department of Ocean and Resources Engineering,A5025019523,ZERO_AERO_OR_FLUIDS_MATCH,Underwater Acoustics Research | Marine animal studies overview | Underwater Vehicles and Communication Systems,Deep neural networks for automated detection of marine mammal species
Kwok Fai Cheung,University of Hawaii at Manoa,Department of Ocean and Resources Engineering,A5011809976,ZERO_AERO_OR_FLUIDS_MATCH,earthquake and tectonic studies | Coastal and Marine Dynamics | Ocean Waves and Remote Sensing,Shock-capturing Boussinesq-type model for nearshore wave processes
Yi Y. Zuo,University of Hawaii at Manoa,Department of Mechanical Engineering,A5008318872,BIOMEDICAL_OR_CLINICAL_DOMINATED,Inhalation and Respiratory Drug Delivery | Neonatal Respiratory Health Research | Surface Modification and Superhydrophobicity,"Airborne Transmission of COVID-19: Aerosol Dispersion, Lung Deposition, and Virus-Receptor Interactions"
Daniele Tonina,University of Idaho,Department of Civil and Environmental Engineering,A5090835300,ZERO_AERO_OR_FLUIDS_MATCH,Hydrology and Watershed Management Studies | Hydrology and Sediment Transport Processes | Soil and Water Nutrient Dynamics,Remote Sensing of Channels and Riparian Zones with a Narrow-Beam Aquatic-Terrestrial LIDAR
Daniel J. Robertson,University of Idaho,Department of Mechanical Engineering,A5084805362,ZERO_AERO_OR_FLUIDS_MATCH,Crop Yield and Soil Fertility | Wheat and Barley Genetics and Pathology | Agronomic Practices and Intercropping Systems,Fundamentals of DNA Hybridization Arrays for Gene Expression Analysis
Zachariah Etienne,University of Idaho,Department of Physics,A5010073173,ZERO_AERO_OR_FLUIDS_MATCH,Pulsars and Gravitational Waves Research | Gamma-ray bursts and supernovae | Astrophysical Phenomena and Observations,GW170817: Observation of Gravitational Waves from a Binary Neutron Star Inspiral
Seid Koric,University of Illinois Urbana-Champaign,Department of Mechanical Science and Engineering / NCSA,A5032466147,ZERO_AERO_OR_FLUIDS_MATCH,Model Reduction and Neural Networks | Metallurgical Processes and Thermodynamics | Machine Learning in Materials Science,Deep learning for topology optimization of 2D metamaterials
Albert Ratner,University of Iowa,Department of Mechanical Engineering,A5133049131,ZERO_AERO_OR_FLUIDS_MATCH,Nanopore and Nanochannel Transport Studies | nanoparticles nucleation surface interactions | Electrostatics and Colloid Interactions,A comprehensive multi-physics framework for modeling nanoparticle settling in liquids
Wilhelm Friess,University of Maine,Department of Mechanical Engineering,A5135511372,ZERO_AERO_OR_FLUIDS_MATCH,Wood Treatment and Properties | Masonry and Concrete Structural Analysis | Hygrothermal properties of building materials,Comparative analysis of the energetic performance of wood-fiber insulated panels in North American climates
Vipin Agarwal,University of Memphis,Department of Mechanical Engineering,A5068661241,ZERO_AERO_OR_FLUIDS_MATCH,Antibiotics Pharmacokinetics and Efficacy | Analytical Chemistry and Chromatography | Chaos control and synchronization,Nonlinear instabilities and control of drill-string stick-slip vibrations with consideration of state-dependent delay
Yong Hoon Lee,University of Memphis,Department of Mechanical Engineering,A5007488043,ZERO_AERO_OR_FLUIDS_MATCH,Advanced Wireless Communication Techniques | Image and Signal Denoising Methods | Advanced Adaptive Filtering Techniques,Carrier frequency offset compensation for uplink of OFDM-FDMA systems
Francesco Travascio,University of Miami,Department of Mechanical and Aerospace Engineering,A5045617737,ZERO_AERO_OR_FLUIDS_MATCH,Spine and Intervertebral Disc Pathology | Musculoskeletal pain and rehabilitation | Knee injuries and reconstruction techniques,Effect of Compression and Anisotropy on the Diffusion of Glucose in Annulus Fibrosus
Kaan Inal,University of Miami,Department of Mechanical and Aerospace Engineering,A5072219664,ZERO_AERO_OR_FLUIDS_MATCH,Metal Forming Simulation Techniques | Microstructure and mechanical properties | Metallurgy and Material Forming,A review on the effect of rare-earth elements on texture evolution during processing of magnesium alloys
Asaf Dana,University of Nebraska-Lincoln,Department of Mechanical and Materials Engineering,A5020220667,ZERO_AERO_OR_FLUIDS_MATCH,Advanced Materials and Mechanics | Shape Memory Alloy Transformations | Advanced Sensor and Energy Harvesting Materials,Material assembly from collective action of shape-changing polymers
Claus Danielson,University of New Mexico,Department of Mechanical Engineering,A5072891938,ZERO_AERO_OR_FLUIDS_MATCH,Advanced Control Systems Optimization | Control Systems and Identification | Robotic Path Planning Algorithms,Autonomous Multi-Robot Servicing for Spacecraft Operation Extension
Wenbin Wan,University of New Mexico,Department of Mechanical Engineering,A5100544289,ZERO_AERO_OR_FLUIDS_MATCH,Fault Detection and Control Systems | Advanced Control Systems Optimization | Traffic control and management,A Safety Constrained Control Framework for UAVs in GPS Denied Environment
Amirhossein Ghasemi,University of North Carolina at Charlotte,Department of Mechanical Engineering & Engineering Science,A5021746158,ZERO_AERO_OR_FLUIDS_MATCH,Human-Automation Interaction and Safety | Traffic control and management | Occupational Health and Safety Research,Pre-compensation of servo contour errors using a model predictive control framework
Meng Wang,University of Notre Dame,Department of Aerospace and Mechanical Engineering,A5100377147,ZERO_AERO_OR_FLUIDS_MATCH,Advanced Image and Video Retrieval Techniques | Multimodal Machine Learning Applications | Image Retrieval and Classification Techniques,LightGCN
Diogo Merguizo Sanchez,University of Oklahoma,School of Aerospace and Mechanical Engineering,A5088373890,ZERO_AERO_OR_FLUIDS_MATCH,Astro and Planetary Science | Planetary Science and Exploration | Spacecraft Dynamics and Control,On the effects of each term of the geopotential perturbation along the time I: Quasi-circular orbits
Douglas J. Durian,University of Pennsylvania,Department of Physics and Astronomy / Mechanical Engineering and Applied Mechanics (MEAM) Graduate Group,A5052862439,ZERO_AERO_OR_FLUIDS_MATCH,Granular flow and fluidized beds | Pickering emulsions and particle stabilization | Material Dynamics and Properties,Foam Mechanics at the Bubble Scale
Prashant K. Purohit,University of Pennsylvania,Department of Mechanical Engineering and Applied Mechanics (MEAM),A5044032256,ZERO_AERO_OR_FLUIDS_MATCH,Force Microscopy Techniques and Applications | Blood properties and coagulation | Cellular Mechanics and Interactions,Material Properties of Caenorhabditis elegans Swimming at Low Reynolds Number
Arun Shukla,University of Rhode Island,"Department of Mechanical, Industrial and Systems Engineering",A5101420666,ZERO_AERO_OR_FLUIDS_MATCH,Structural Response to Dynamic Loads | Mechanical Behavior of Composites | High-Velocity Impact and Material Behavior,The blast resistance of sandwich composites with stepwise graded cores
Lora Van Uffelen,University of Rhode Island,Department of Ocean Engineering,A5007991557,ZERO_AERO_OR_FLUIDS_MATCH,Underwater Acoustics Research | Underwater Vehicles and Communication Systems | Marine animal studies overview,Localization and Subsurface Position Error Estimation of Gliders Using Broadband Acoustic Signals at Long Range
M. Reza Hashemi,University of Rhode Island,Department of Ocean Engineering,A5060805462,ZERO_AERO_OR_FLUIDS_MATCH,Ocean Waves and Remote Sensing | Terahertz technology and applications | Tropical and Extratropical Cyclones Research,The role of tidal asymmetry in characterizing the tidal energy resource of Orkney
Adam B. Sefkow,University of Rochester,Department of Mechanical Engineering / LLE,A5060976626,ZERO_AERO_OR_FLUIDS_MATCH,Laser-Plasma Interactions and Diagnostics | Magnetic confinement fusion research | Particle accelerators and beam dynamics,Pulsed-power-driven cylindrical liner implosions of laser preheated fuel magnetized with an axial field
Danae N. Polsin,University of Rochester,Department of Mechanical Engineering / LLE,A5075763728,ZERO_AERO_OR_FLUIDS_MATCH,High-pressure geophysics and materials | Laser-Plasma Interactions and Diagnostics | Diamond and Carbon-based Materials Research,Shock-wave equation-of-state measurements in fused silica up to 1600 GPa
Sean P. Regan,University of Rochester,Department of Mechanical Engineering / LLE,A5106945148,ZERO_AERO_OR_FLUIDS_MATCH,Laser-Plasma Interactions and Diagnostics | High-pressure geophysics and materials | Fusion materials and technologies,Microphysics studies for direct-drive inertial confinement fusion
Joseph Jiong Wang,University of Southern California,Department of Aerospace and Mechanical Engineering / Department of Astronautical Engineering,A5069491860,ZERO_AERO_OR_FLUIDS_MATCH,Ionosphere and magnetosphere dynamics | Solar and Space Plasma Dynamics | Geomagnetism and Paleomagnetism Studies,Electrodynamic interactions between charged space systems and the ionospheric plasma environment
Niema M. Pahlevan,University of Southern California,Department of Aerospace and Mechanical Engineering / Department of Medicine,A5003076379,ZERO_AERO_OR_FLUIDS_MATCH,Cardiovascular Function and Risk Factors | Cardiovascular Health and Disease Prevention | Heart Rate Variability and Autonomic Control,Experimental investigation of the effect of non-Newtonian behavior of blood flow in the Fontan circulation
Roger Ghanem,University of Southern California,Department of Aerospace and Mechanical Engineering / Sonny Astani Department of Civil and Environmental Engineering,A5006138292,ZERO_AERO_OR_FLUIDS_MATCH,Probabilistic and Robust Engineering Design | Structural Health Monitoring Techniques | Wind and Air Flow Studies,Stochastic Finite Elements: A Spectral Approach
Jasim Imran,University of South Carolina,"Department of Civil and Environmental Engineering, Mechanical Engineering",A5087044762,ZERO_AERO_OR_FLUIDS_MATCH,Hydrology and Sediment Transport Processes | Geological formations and processes | Hydraulic flow and structures,Numerical Modeling of Three-Dimensional Flow Field Around Circular Piers
Lingyu Yu,University of South Carolina,"Department of Mechanical Engineering, Aerospace Engineering",A5043313332,ZERO_AERO_OR_FLUIDS_MATCH,Ultrasonics and Acoustic Wave Propagation | Structural Health Monitoring Techniques | Non-Destructive Testing Techniques,In situ 2-D piezoelectric wafer active sensors arrays for guided wave damage detection
Andrea D'Ambrosio,University of South Florida,Department of Mechanical Engineering,A5128427065,ZERO_AERO_OR_FLUIDS_MATCH,Spacecraft Dynamics and Control | Space Satellite Systems and Control | Adaptive Dynamic Programming Control,Pontryagin Neural Networks for High-Fidelity Cislunar Orbital Transfers
Anshuman Pandey,University of South Florida,Department of Mechanical Engineering,A5137449393,ZERO_AERO_OR_FLUIDS_MATCH,,Velocimetry of Expansion-Compression Geometries in High-Speed Flows
David Murphy,University of South Florida,Department of Mechanical Engineering,A5044560051,ZERO_AERO_OR_FLUIDS_MATCH,History and Developments in Astronomy | Neuroendocrine regulation and behavior | Australian History and Society,DEPLETION AND DISRUPTION OF DIETARY FIBRE
Wenbin Mao,University of South Florida,Department of Mechanical Engineering,A5021749995,BIOMEDICAL_OR_CLINICAL_DOMINATED,Cardiac Valve Diseases and Treatments | Microfluidic and Bio-sensing Technologies | Cardiovascular Function and Risk Factors,Numerical Parametric Study of Paravalvular Leak Following a Transcatheter Aortic Valve Deployment Into a Patient-Specific Aortic Root
Peng Zhao,University of Tennessee-Knoxville / UT Space Institute,Department of Mechanical and Aerospace Engineering,A5057131883,ZERO_AERO_OR_FLUIDS_MATCH,Glycosylation and Glycoproteins Research | Monoclonal and Polyclonal Antibodies Research | COVID-19 Clinical Research Studies,Pathological findings of COVID-19 associated with acute respiratory distress syndrome
Yonas Tadesse,University of Texas at Dallas,Department of Mechanical Engineering,A5067149414,ZERO_AERO_OR_FLUIDS_MATCH,Advanced Sensor and Energy Harvesting Materials | Advanced Materials and Mechanics | Soft Robotics and Applications,Tailoring the Response Time of Shape Memory Alloy Wires through Active Cooling and Pre-stress
Hai-Chao Han,University of Texas at San Antonio,"Department of Mechanical, Aerospace, and Industrial Engineering",A5053647070,ZERO_AERO_OR_FLUIDS_MATCH,Elasticity and Material Modeling | Coronary Interventions and Diagnostics | Connective tissue disorders research,Matrix Metalloproteinase-28 Deletion Exacerbates Cardiac Dysfunction and Rupture After Myocardial Infarction in Mice by Inhibiting M2 Macrophage Activation
Xiaowei He,University of Utah,Department of Mechanical Engineering,A5060690411,ZERO_AERO_OR_FLUIDS_MATCH,Optical Imaging and Spectroscopy Techniques | Photoacoustic and Ultrasonic Imaging | Spectroscopy Techniques in Biomedical and Chemical Research,Phosphorylation of Serine 256 by Protein Kinase B Disrupts Transactivation by FKHR and Mediates Effects of Insulin on Insulin-like Growth Factor-binding Protein-1 Promoter Activity through a Conserved Insulin Response Sequence
Thomas Breunung,University of Wisconsin-Madison,Department of Mechanical Engineering,A5091725677,ZERO_AERO_OR_FLUIDS_MATCH,Bladed Disk Vibration Dynamics | Structural Health Monitoring Techniques | Probabilistic and Robust Engineering Design,The deterministic core of stochastically perturbed nonlinear mechanical systems
Ilya Avdeev,University of Wisconsin-Milwaukee,Department of Mechanical Engineering,A5065129077,ZERO_AERO_OR_FLUIDS_MATCH,Advanced MEMS and NEMS Technologies | Advanced Battery Technologies Research | Fiber-reinforced polymer composites,"Power, structural and noise performance tests on different wind turbine rotor blade designs"
Nathan Salowitz,University of Wisconsin-Milwaukee,Department of Mechanical Engineering,A5063950022,ZERO_AERO_OR_FLUIDS_MATCH,Ultrasonics and Acoustic Wave Propagation | Smart Materials for Construction | Advanced Sensor and Energy Harvesting Materials,A Spider‐Web‐Like Highly Expandable Sensor Network for Multifunctional Materials
William D. Musinski,University of Wisconsin-Milwaukee,Department of Mechanical Engineering,A5005595633,ZERO_AERO_OR_FLUIDS_MATCH,Fatigue and fracture mechanics | High Temperature Alloys and Creep | Additive Manufacturing Materials and Processes,Microstructure-sensitive HCF and VHCF simulations
Amit Pathak,Washington University in St. Louis,Department of Mechanical Engineering and Materials Science,A5031107951,ZERO_AERO_OR_FLUIDS_MATCH,Cellular Mechanics and Interactions | 3D Printing in Biomedical Research | Cancer Cells and Metastasis,Biophysical regulation of tumor cell invasion: moving beyond matrix stiffness
Philip Bayly,Washington University in St. Louis,Department of Mechanical Engineering and Materials Science,A5045394358,ZERO_AERO_OR_FLUIDS_MATCH,Elasticity and Material Modeling | Automotive and Human Injury Biomechanics | Ultrasound Imaging and Elastography,Diffusion Tensor Imaging Reliably Detects Experimental Traumatic Axonal Injury and Indicates Approximate Time of Injury
Longsheng Feng,Wayne State University,Department of Mechanical Engineering,A5038736444,ZERO_AERO_OR_FLUIDS_MATCH,High Temperature Alloys and Creep | Advancements in Battery Materials | High Entropy Alloys Studies,Nanocone‐Modified Surface Facilitates Gas Bubble Detachment for High‐Rate Alkaline Water Splitting
Mahbub Islam,Wayne State University,Department of Mechanical Engineering,A5046600331,ZERO_AERO_OR_FLUIDS_MATCH,Advanced Battery Materials and Technologies | Advancements in Battery Materials | Graphene research and applications,"The ReaxFF reactive force-field: development, applications and future directions"
Mohammad A. Bukhari,Wayne State University,Department of Mechanical Engineering,A5041466042,ZERO_AERO_OR_FLUIDS_MATCH,Acoustic Wave Phenomena Research | Metamaterials and Metasurfaces Applications | Innovative Energy Harvesting Technologies,Exact Nonlinear Dynamic Analysis of a Beam With a Nonlinear Vibration Absorber and With Various Boundary Conditions
