Row,Faculty Name,University,Status,OpenAlex ID
1588,Joseph Jiong Wang,University of Southern California,FOUND_EXACT_NAME_NO_AFFIL_MATCH,A5069491860
1590,Juhi Jang,University of Southern California,FOUND_EXACT_NAME_NO_AFFIL_MATCH,A5020031889
1594,Phillip Kreth,University of Tennessee Space Institute / UTK,CANDIDATES_FOUND_NO_AFFIL_MATCH,
1595,Mark Gragston,University of Tennessee Space Institute / UTK,FOUND_EXACT_NAME_NO_AFFIL_MATCH,A5006834173
1596,Esteban Cisneros-Garibay,University of Tennessee Space Institute / UTK,CANDIDATES_FOUND_NO_AFFIL_MATCH,
1597,Trevor Moeller,University of Tennessee Space Institute / UTK,FOUND_EXACT_NAME_NO_AFFIL_MATCH,A5058563233
1598,Reza Abedi,University of Tennessee Space Institute / UTK,CANDIDATES_FOUND_NO_AFFIL_MATCH,
1599,Kivanc Ekici,University of Tennessee-Knoxville,FOUND_EXACT_NAME_NO_AFFIL_MATCH,A5049854190
1600,Damiano Baccarella,University of Tennessee-Knoxville,FOUND_EXACT_NAME_NO_AFFIL_MATCH,A5061111238
1601,Omer San,University of Tennessee-Knoxville,FOUND_EXACT_NAME_NO_AFFIL_MATCH,A5085671233
1602,Devina Sanjaya,University of Tennessee-Knoxville,CANDIDATES_FOUND_NO_AFFIL_MATCH,
1603,Andrew K. Dickerson,University of Tennessee-Knoxville,FOUND_EXACT_NAME_NO_AFFIL_MATCH,A5038488927
1604,Zhili Zhang,University of Tennessee-Knoxville,CANDIDATES_FOUND_NO_AFFIL_MATCH,
1605,John Schmisseur,University of Tennessee-Knoxville / UT Space Institute,CANDIDATES_FOUND_NO_AFFIL_MATCH,
1606,Peng Zhao,University of Tennessee-Knoxville / UT Space Institute,FOUND_EXACT_NAME_NO_AFFIL_MATCH,A5057131883
1621,William Anderson,University of Texas at Dallas,CANDIDATES_FOUND_NO_AFFIL_MATCH,
1626,Yaoyu Li,University of Texas at Dallas,FOUND_EXACT_NAME_NO_AFFIL_MATCH,A5019848729
1649,Yusheng Feng,University of Texas at San Antonio,FOUND_EXACT_NAME_NO_AFFIL_MATCH,A5109416409
1667,Ekaterina Shemyakova,University of Toledo,FOUND_EXACT_NAME_NO_AFFIL_MATCH,A5090645342
1670,Xiaowei He,University of Utah,FOUND_EXACT_NAME_NO_AFFIL_MATCH,A5060690411
1681,Daniel Quinn,University of Virginia,CANDIDATES_FOUND_NO_AFFIL_MATCH,
1687,Antonino Ferrante,University of Washington-Seattle,FOUND_EXACT_NAME_NO_AFFIL_MATCH,A5044914295
1688,Robert Breidenthal,University of Washington-Seattle,FOUND_EXACT_NAME_NO_AFFIL_MATCH,A5055469469
1689,Uri Shumlak,University of Washington-Seattle,CANDIDATES_FOUND_NO_AFFIL_MATCH,
1690,Bhuvana Srinivasan,University of Washington-Seattle,FOUND_EXACT_NAME_NO_AFFIL_MATCH,A5110049201
1691,Justin Little,University of Washington-Seattle,CANDIDATES_FOUND_NO_AFFIL_MATCH,
1692,Dana Dabiri,University of Washington-Seattle,FOUND_EXACT_NAME_NO_AFFIL_MATCH,A5061729533
1693,Eli Livne,University of Washington-Seattle,FOUND_EXACT_NAME_NO_AFFIL_MATCH,A5113692764
1694,Steven L. Brunton,University of Washington-Seattle,FOUND_EXACT_NAME_NO_AFFIL_MATCH,A5062653961
1695,Alberto Aliseda,University of Washington-Seattle,FOUND_EXACT_NAME_NO_AFFIL_MATCH,A5035975242
1696,John Palmore Jr.,University of Washington-Seattle,CANDIDATES_FOUND_NO_AFFIL_MATCH,
1697,Brian Polagye,University of Washington-Seattle,FOUND_EXACT_NAME_NO_AFFIL_MATCH,A5039502986
1698,Jonathan Posner,University of Washington-Seattle,FOUND_EXACT_NAME_NO_AFFIL_MATCH,A5034093706
1699,Krithika Manohar,University of Washington-Seattle,FOUND_EXACT_NAME_NO_AFFIL_MATCH,A5060988111
1700,Bernard Deconinck,University of Washington-Seattle,FOUND_EXACT_NAME_NO_AFFIL_MATCH,A5017877336
1701,J. Nathan Kutz,University of Washington-Seattle,FOUND_EXACT_NAME_NO_AFFIL_MATCH,A5083450863
1702,Jingwei Hu,University of Washington-Seattle,FOUND_EXACT_NAME_NO_AFFIL_MATCH,A5027890066
1703,Michael D. Graham,University of Wisconsin-Madison,FOUND_EXACT_NAME_NO_AFFIL_MATCH,A5023202198
1704,Jennifer Franck,University of Wisconsin-Madison,CANDIDATES_FOUND_NO_AFFIL_MATCH,
1705,Prateek Jaiswal,University of Wisconsin-Madison,FOUND_EXACT_NAME_NO_AFFIL_MATCH,A5018713742
1706,Mario F. Trujillo,University of Wisconsin-Madison,FOUND_EXACT_NAME_NO_AFFIL_MATCH,A5018648551
1707,Douglas Carter,University of Wisconsin-Madison,CANDIDATES_FOUND_NO_AFFIL_MATCH,
1708,Thomas Breunung,University of Wisconsin-Madison,FOUND_EXACT_NAME_NO_AFFIL_MATCH,A5091725677
1709,Curt Bronkhorst,University of Wisconsin-Madison,CANDIDATES_FOUND_NO_AFFIL_MATCH,
1710,Shiva Rudraraju,University of Wisconsin-Madison,FOUND_EXACT_NAME_NO_AFFIL_MATCH,A5030806653
1711,Chris Hegna,University of Wisconsin-Madison,CANDIDATES_FOUND_NO_AFFIL_MATCH,
1712,Oliver Schmitz,University of Wisconsin-Madison,CANDIDATES_FOUND_NO_AFFIL_MATCH,
1713,Hong Qin,University of Wisconsin-Madison,CANDIDATES_FOUND_NO_AFFIL_MATCH,
1714,Fabian Waleffe,University of Wisconsin-Madison,FOUND_EXACT_NAME_NO_AFFIL_MATCH,A5005436745
1715,Jean-Luc Thiffeault,University of Wisconsin-Madison,CANDIDATES_FOUND_NO_AFFIL_MATCH,
1716,Saverio E. Spagnolie,University of Wisconsin-Madison,FOUND_EXACT_NAME_NO_AFFIL_MATCH,A5029063995
1717,Nan Chen,University of Wisconsin-Madison,CANDIDATES_FOUND_NO_AFFIL_MATCH,
1718,Qin Li,University of Wisconsin-Madison,FOUND_EXACT_NAME_NO_AFFIL_MATCH,A5100602929
1719,Ryoichi S. Amano,University of Wisconsin-Milwaukee,FOUND_EXACT_NAME_NO_AFFIL_MATCH,A5031963028
1720,Krishna M. Pillai,University of Wisconsin-Milwaukee,FOUND_EXACT_NAME_NO_AFFIL_MATCH,A5039294207
1721,John R. Reisel,University of Wisconsin-Milwaukee,CANDIDATES_FOUND_NO_AFFIL_MATCH,
1722,Woo Jin Chang,University of Wisconsin-Milwaukee,CANDIDATES_FOUND_NO_AFFIL_MATCH,
1723,Michael Nosonovsky,University of Wisconsin-Milwaukee,FOUND_EXACT_NAME_NO_AFFIL_MATCH,A5032131820
1724,Ilya Avdeev,University of Wisconsin-Milwaukee,FOUND_EXACT_NAME_NO_AFFIL_MATCH,A5065129077
1725,Nathan Salowitz,University of Wisconsin-Milwaukee,FOUND_EXACT_NAME_NO_AFFIL_MATCH,A5063950022
1726,William D. Musinski,University of Wisconsin-Milwaukee,FOUND_EXACT_NAME_NO_AFFIL_MATCH,A5005595633
1727,Deyang Qu,University of Wisconsin-Milwaukee,FOUND_EXACT_NAME_NO_AFFIL_MATCH,A5053400254
1728,Pradeep Rohatgi,University of Wisconsin-Milwaukee,CANDIDATES_FOUND_NO_AFFIL_MATCH,
1732,Erica L. Belmont,University of Wyoming,CANDIDATES_FOUND_NO_AFFIL_MATCH,
1733,Ray S. Fertig III,University of Wyoming,CANDIDATES_FOUND_NO_AFFIL_MATCH,
1735,Xiang Zhang,University of Wyoming,FOUND_EXACT_NAME_NO_AFFIL_MATCH,A5100368854
1741,Calvin Hong Li,Villanova University,FOUND_EXACT_NAME_NO_AFFIL_MATCH,A5054725106
1751,Karla M. Mossi,Virginia Commonwealth University,CANDIDATES_FOUND_NO_AFFIL_MATCH,
1752,Hossam H. Abdellatif,Virginia Commonwealth University,FOUND_EXACT_NAME_NO_AFFIL_MATCH,A5093566904
1762,Colin Adams,Virginia Tech,CANDIDATES_FOUND_NO_AFFIL_MATCH,
1764,Pradeep Raj,Virginia Tech,CANDIDATES_FOUND_NO_AFFIL_MATCH,
1772,Jin Liu,Washington State University,FOUND_EXACT_NAME_NO_AFFIL_MATCH,A5108047622
1776,Jow-Lian Ding,Washington State University,CANDIDATES_FOUND_NO_AFFIL_MATCH,
1778,Robert Dillon,Washington State University,CANDIDATES_FOUND_NO_AFFIL_MATCH,
1779,Lynn Schreyer,Washington State University,CANDIDATES_FOUND_NO_AFFIL_MATCH,
1787,Ari Stern,Washington University in St. Louis,FOUND_EXACT_NAME_NO_AFFIL_MATCH,A5112708866
1801,Yu Gu,West Virginia University,CANDIDATES_FOUND_NO_AFFIL_MATCH,
1819,Yuri Ledyaev,Western Michigan University,CANDIDATES_FOUND_NO_AFFIL_MATCH,
1828,Tianshi Lu,Wichita State University,FOUND_EXACT_NAME_NO_AFFIL_MATCH,A5024060935
1833,Sheng Li,Wright State University,CANDIDATES_FOUND_NO_AFFIL_MATCH,
1836,Weifu Fang,Wright State University,FOUND_EXACT_NAME_NO_AFFIL_MATCH,A5070538513
1837,Ayse Sahin,Wright State University,CANDIDATES_FOUND_NO_AFFIL_MATCH,
