university,name,author_id,works_count,cited_by_count,h_index,primary_topic,top_topics
University of California-Los Angeles,Stanley Osher,A5002037883,761,119148,122,Computational Fluid Dynamics and Aerodynamics,Computational Fluid Dynamics and Aerodynamics | Sparse and Compressive Sensing Techniques | Image and Signal Denoising Methods
Carnegie Mellon University,Kang Xu,A5100440745,1911,111688,150,Advanced Battery Materials and Technologies,Advanced Battery Materials and Technologies | Advancements in Battery Materials | Advanced Battery Technologies Research
Ohio State University,Kang Xu,A5100440745,1911,111688,150,Advanced Battery Materials and Technologies,Advanced Battery Materials and Technologies | Advancements in Battery Materials | Advanced Battery Technologies Research
The University of Texas at Austin,Thomas J.R. Hughes,A5031451887,739,105864,150,Advanced Numerical Methods in Computational Mathematics,Advanced Numerical Methods in Computational Mathematics | Advanced Numerical Analysis Techniques | Numerical methods in engineering
Northwestern University,Ted Belytschko,A5036500320,646,88879,141,Numerical methods in engineering,Numerical methods in engineering | Advanced Numerical Methods in Computational Mathematics | Fatigue and fracture mechanics
Princeton University,Howard A. Stone,A5083316408,1597,82423,133,Fluid Dynamics and Heat Transfer,Fluid Dynamics and Heat Transfer | Surface Modification and Superhydrophobicity | Particle physics theoretical and experimental studies
Brown University,Chi‐Wang Shu,A5047035333,758,76570,111,Computational Fluid Dynamics and Aerodynamics,Computational Fluid Dynamics and Aerodynamics | Advanced Numerical Methods in Computational Mathematics | Fluid Dynamics and Turbulent Flows
University of Toledo,Yuan Hu,A5010868339,1477,71056,131,Flame retardant materials and properties,Flame retardant materials and properties | Polymer Nanocomposites and Properties | Synthesis and properties of polymers
University of Utah,Yuan Hu,A5010868339,1477,71056,131,Flame retardant materials and properties,Flame retardant materials and properties | Polymer Nanocomposites and Properties | Synthesis and properties of polymers
University of Minnesota-Twin Cities,Frank S. Bates,A5069824583,846,65405,123,Block Copolymer Self-Assembly,Block Copolymer Self-Assembly | Advanced Polymer Synthesis and Characterization | Polymer crystallization and properties
University of California-San Diego,Marc A. Meyers,A5056618699,668,57227,113,High-Velocity Impact and Material Behavior,High-Velocity Impact and Material Behavior | Microstructure and mechanical properties | High-pressure geophysics and materials
University of California-Berkeley,Glenn H. Fredrickson,A5067839341,640,50508,92,Block Copolymer Self-Assembly,Block Copolymer Self-Assembly | Advanced Polymer Synthesis and Characterization | Material Dynamics and Properties
University of California-Santa Barbara,Glenn H. Fredrickson,A5067839341,640,50508,92,Block Copolymer Self-Assembly,Block Copolymer Self-Assembly | Advanced Polymer Synthesis and Characterization | Material Dynamics and Properties
University of Wisconsin-Madison,Rolf D. Reitz,A5055610449,699,49907,111,Advanced Combustion Engine Technologies,Advanced Combustion Engine Technologies | Combustion and flame dynamics | Vehicle emissions and performance
Duke University,Gabriel G. Katul,A5017040382,903,49098,103,Plant Water Relations and Carbon Dynamics,Plant Water Relations and Carbon Dynamics | Fluid Dynamics and Turbulent Flows | Meteorological Phenomena and Simulations
Drexel University,Gary Friedman,A5080331003,555,44681,99,Plasma Applications and Diagnostics,Plasma Applications and Diagnostics | Magnetic Properties and Applications | Electrohydrodynamics and Fluid Dynamics
Stanford University,Ronald K. Hanson,A5039442806,1189,44345,101,Spectroscopy and Laser Applications,Spectroscopy and Laser Applications | Combustion and flame dynamics | Laser Design and Applications
Duke University,David S. Miller,A5037590677,996,44106,102,Endometrial and Cervical Cancer Treatments,Endometrial and Cervical Cancer Treatments | Ovarian cancer diagnosis and treatment | Drug Transport and Resistance Mechanisms
University of Miami,David S. Miller,A5037590677,996,44106,102,Endometrial and Cervical Cancer Treatments,Endometrial and Cervical Cancer Treatments | Ovarian cancer diagnosis and treatment | Drug Transport and Resistance Mechanisms
Texas A&M University,Faisal Khan,A5014307031,957,43128,100,Risk and Safety Analysis,Risk and Safety Analysis | Occupational Health and Safety Research | Fault Detection and Control Systems
University of Delaware,W. H. Matthaeus,A5023430385,1077,40256,107,Solar and Space Plasma Dynamics,Solar and Space Plasma Dynamics | Ionosphere and magnetosphere dynamics | Geomagnetism and Paleomagnetism Studies
Johns Hopkins University,Shiyi Chen,A5100631623,905,39244,89,Fluid Dynamics and Turbulent Flows,Fluid Dynamics and Turbulent Flows | Atmospheric chemistry and aerosols | Lattice Boltzmann Simulation Studies
New York University,Andrew J. Majda,A5110096032,665,39220,89,Meteorological Phenomena and Simulations,Meteorological Phenomena and Simulations | Climate variability and models | Fluid Dynamics and Turbulent Flows
University of Minnesota-Twin Cities,Timothy P. Lodge,A5021121847,820,39176,94,Advanced Polymer Synthesis and Characterization,Advanced Polymer Synthesis and Characterization | Block Copolymer Self-Assembly | Surfactants and Colloidal Systems
Virginia Polytechnic Institute and State University,Ali H. Nayfeh,A5042354204,832,38920,84,Vibration and Dynamic Analysis,Vibration and Dynamic Analysis | Fluid Dynamics and Vibration Analysis | Fluid Dynamics and Turbulent Flows
University of Idaho,Jean’ne M. Shreeve,A5006127080,1420,38814,100,Fluorine in Organic Chemistry,Fluorine in Organic Chemistry | Energetic Materials and Combustion | Crystallization and Solubility Studies
Northwestern University,Wing Kam Liu,A5014509470,524,38759,100,Numerical methods in engineering,Numerical methods in engineering | Composite Material Mechanics | Advanced Numerical Methods in Computational Mathematics
University of Illinois Chicago,Alexander L. Yarin,A5080937639,672,38446,83,Electrospun Nanofibers in Biomedical Applications,Electrospun Nanofibers in Biomedical Applications | Electrohydrodynamics and Fluid Dynamics | Advanced Sensor and Energy Harvesting Materials
University of Minnesota-Twin Cities,Christopher W. Macosko,A5012146937,511,37803,87,Polymer crystallization and properties,Polymer crystallization and properties | Rheology and Fluid Dynamics Studies | Polymer Nanocomposites and Properties
University of South Carolina,John D. Ferry,A5111864596,367,34426,59,Polymer Nanocomposites and Properties,Polymer Nanocomposites and Properties | Polymer crystallization and properties | Rheology and Fluid Dynamics Studies
Massachusetts Institute of Technology,William H. Green,A5051475129,1091,32309,88,Machine Learning in Materials Science,Machine Learning in Materials Science | Computational Drug Discovery Methods | Advanced Chemical Physics Studies
University of California-Riverside,Kambiz Vafai,A5063607239,580,32253,79,Nanofluid Flow and Heat Transfer,Nanofluid Flow and Heat Transfer | Heat and Mass Transfer in Porous Media | Heat Transfer and Optimization
Harvard University,George Lauder,A5053939876,2856,31183,100,Fish Ecology and Management Studies,Fish Ecology and Management Studies | Biomimetic flight and propulsion mechanisms | Sports Performance and Training
Florida Atlantic University,Abhijit Guha,A5101532092,510,30998,72,Glioma Diagnosis and Treatment,"Glioma Diagnosis and Treatment | Neurofibromatosis and Schwannoma Cases | Cancer, Hypoxia, and Metabolism"
University of Southern California,J. P. Sullivan,A5073904175,485,29101,80,High-Energy Particle Collisions Research,High-Energy Particle Collisions Research | Particle physics theoretical and experimental studies | Quantum Chromodynamics and Particle Interactions
Pennsylvania State University,Ralph H. Colby,A5060989553,895,28891,79,Rheology and Fluid Dynamics Studies,Rheology and Fluid Dynamics Studies | Polymer crystallization and properties | Material Dynamics and Properties
Cornell University,Sauro Succi,A5075643472,886,28810,75,Lattice Boltzmann Simulation Studies,Lattice Boltzmann Simulation Studies | Fluid Dynamics and Turbulent Flows | Aerosol Filtration and Electrostatic Precipitation
Tufts University,Sauro Succi,A5075643472,886,28810,75,Lattice Boltzmann Simulation Studies,Lattice Boltzmann Simulation Studies | Fluid Dynamics and Turbulent Flows | Aerosol Filtration and Electrostatic Precipitation
George Mason University,R. Handler,A5015399459,608,28699,82,Particle physics theoretical and experimental studies,Particle physics theoretical and experimental studies | High-Energy Particle Collisions Research | Quantum Chromodynamics and Particle Interactions
University of California-Riverside,R. Ellahi,A5017056586,352,28316,98,Nanofluid Flow and Heat Transfer,Nanofluid Flow and Heat Transfer | Heat Transfer Mechanisms | Fluid Dynamics and Turbulent Flows
George Mason University,C. Shu,A5100347295,669,27517,77,Lattice Boltzmann Simulation Studies,Lattice Boltzmann Simulation Studies | Fluid Dynamics and Vibration Analysis | Aerosol Filtration and Electrostatic Precipitation
Texas A&M University,Κ. R. Rajagopal,A5057508652,815,27217,78,Elasticity and Material Modeling,Elasticity and Material Modeling | Rheology and Fluid Dynamics Studies | Elasticity and Wave Propagation
University of South Carolina,Frederick L. Dryer,A5022742649,353,27193,86,Advanced Combustion Engine Technologies,Advanced Combustion Engine Technologies | Combustion and flame dynamics | Catalytic Processes in Materials Science
Pennsylvania State University,Harry R. Allcock,A5057239715,857,26751,78,Flame retardant materials and properties,Flame retardant materials and properties | Synthesis and characterization of novel inorganic/organometallic compounds | Organophosphorus compounds synthesis
University of California-San Diego,P. H. Diamond,A5058894275,1051,25915,77,Magnetic confinement fusion research,Magnetic confinement fusion research | Ionosphere and magnetosphere dynamics | Solar and Space Plasma Dynamics
New York University,Katepalli R. Sreenivasan,A5043543824,621,25517,87,Fluid Dynamics and Turbulent Flows,Fluid Dynamics and Turbulent Flows | Wind and Air Flow Studies | Plant Water Relations and Carbon Dynamics
University of Missouri-Columbia,Sanat K. Kumar,A5033735762,572,25000,82,Material Dynamics and Properties,Material Dynamics and Properties | Polymer Nanocomposites and Properties | Polymer crystallization and properties
University of Delaware,Norman J. Wagner,A5033178403,540,23824,78,Material Dynamics and Properties,Material Dynamics and Properties | Rheology and Fluid Dynamics Studies | Surfactants and Colloidal Systems
Florida State University,Max Gunzburger,A5076283476,564,22468,74,Advanced Numerical Methods in Computational Mathematics,Advanced Numerical Methods in Computational Mathematics | Numerical methods in engineering | Computational Fluid Dynamics and Aerodynamics
Tulane University,James M. Hyman,A5014553334,278,22224,65,COVID-19 epidemiological studies,COVID-19 epidemiological studies | Mosquito-borne diseases and control | Mathematical and Theoretical Epidemiology and Ecology Models
Florida State University,M. Yousuff Hussaini,A5111374231,420,21858,59,Fluid Dynamics and Turbulent Flows,Fluid Dynamics and Turbulent Flows | Computational Fluid Dynamics and Aerodynamics | Aerodynamics and Acoustics in Jet Flows
University of California-Santa Barbara,Guenter Ahlers,A5044268173,455,21325,74,Fluid Dynamics and Turbulent Flows,"Fluid Dynamics and Turbulent Flows | Quantum, superfluid, helium dynamics | Nonlinear Dynamics and Pattern Formation"
University of Massachusetts-Amherst,M. Muthukumar,A5047715090,486,20825,80,Electrostatics and Colloid Interactions,Electrostatics and Colloid Interactions | Material Dynamics and Properties | Nanopore and Nanochannel Transport Studies
University of California-San Diego,Forman A. Williams,A5109081418,606,20815,73,Combustion and flame dynamics,Combustion and flame dynamics | Advanced Combustion Engine Technologies | Combustion and Detonation Processes
University of Houston,Andréa Prosperetti,A5050089803,535,20686,74,Particle Dynamics in Fluid Flows,Particle Dynamics in Fluid Flows | Ultrasound and Cavitation Phenomena | Fluid Dynamics and Heat Transfer
University of Illinois Urbana-Champaign,Kai Luo,A5033445616,817,20614,66,Combustion and flame dynamics,Combustion and flame dynamics | Lattice Boltzmann Simulation Studies | Advanced Combustion Engine Technologies
University of Illinois Chicago,Kenneth S. Schweizer,A5045572539,494,20567,78,Material Dynamics and Properties,Material Dynamics and Properties | Rheology and Fluid Dynamics Studies | Phase Equilibria and Thermodynamics
Lehigh University,Manoj K. Chaudhury,A5056607336,164,20563,65,Surface Modification and Superhydrophobicity,"Surface Modification and Superhydrophobicity | Adhesion, Friction, and Surface Interactions | Force Microscopy Techniques and Applications"
Massachusetts Institute of Technology,Markus Kraft,A5062571604,606,20293,71,Advanced Combustion Engine Technologies,Advanced Combustion Engine Technologies | Combustion and flame dynamics | Catalytic Processes in Materials Science
University of California-Davis,Zuhair A. Munir,A5018622119,448,20073,65,Intermetallics and Advanced Alloy Properties,Intermetallics and Advanced Alloy Properties | Advanced materials and composites | Advanced ceramic materials synthesis
Lehigh University,R. S. Rivlin,A5086604328,402,19925,64,Elasticity and Material Modeling,Elasticity and Material Modeling | Elasticity and Wave Propagation | Rheology and Fluid Dynamics Studies
Rice University,Matteo Pasquali,A5001995594,379,19604,71,Carbon Nanotubes in Composites,Carbon Nanotubes in Composites | Graphene research and applications | Rheology and Fluid Dynamics Studies
University of Houston,Matteo Pasquali,A5001995594,379,19604,71,Carbon Nanotubes in Composites,Carbon Nanotubes in Composites | Graphene research and applications | Rheology and Fluid Dynamics Studies
University of Florida,S. Balachandar,A5035789002,677,19572,64,Particle Dynamics in Fluid Flows,Particle Dynamics in Fluid Flows | Fluid Dynamics and Turbulent Flows | Granular flow and fluidized beds
Columbia University,David A. Yuen,A5110077901,687,19228,65,High-pressure geophysics and materials,High-pressure geophysics and materials | earthquake and tectonic studies | Geological and Geochemical Analysis
Ohio State University,Giorgio Rizzoni,A5075108700,600,19047,66,Electric and Hybrid Vehicle Technologies,Electric and Hybrid Vehicle Technologies | Advanced Battery Technologies Research | Electric Vehicles and Infrastructure
University of Colorado Boulder,Robert H. Davis,A5038872428,677,18810,68,Fluid Dynamics and Heat Transfer,Fluid Dynamics and Heat Transfer | Particle Dynamics in Fluid Flows | Surface Modification and Superhydrophobicity
University of Alabama at Birmingham,Richard S. Stein,A5108527875,576,18679,70,Polymer crystallization and properties,Polymer crystallization and properties | Polymer Nanocomposites and Properties | Lymphoma Diagnosis and Treatment
Texas A&M University,Jesse Zhu,A5086013783,772,18678,66,Granular flow and fluidized beds,Granular flow and fluidized beds | Cyclone Separators and Fluid Dynamics | Mineral Processing and Grinding
Northwestern University,Anh V. Nguyen,A5100671645,629,18579,71,Minerals Flotation and Separation Techniques,Minerals Flotation and Separation Techniques | Fluid Dynamics and Mixing | Pickering emulsions and particle stabilization
University of Minnesota-Twin Cities,Philip A. Townsend,A5014556096,552,18545,72,Remote Sensing in Agriculture,Remote Sensing in Agriculture | Species Distribution and Climate Change | Remote Sensing and LiDAR Applications
University of Wisconsin-Madison,Philip A. Townsend,A5014556096,552,18545,72,Remote Sensing in Agriculture,Remote Sensing in Agriculture | Species Distribution and Climate Change | Remote Sensing and LiDAR Applications
Auburn University,William B. Russel,A5108456722,277,18091,70,Material Dynamics and Properties,Material Dynamics and Properties | Rheology and Fluid Dynamics Studies | Surfactants and Colloidal Systems
New York University,Michael Shelley,A5068281815,472,17994,67,Micro and Nano Robotics,Micro and Nano Robotics | Microtubule and mitosis dynamics | Fluid Dynamics and Turbulent Flows
Texas Tech University,Gregory B. McKenna,A5082965591,465,17988,67,Material Dynamics and Properties,Material Dynamics and Properties | Polymer crystallization and properties | Rheology and Fluid Dynamics Studies
Old Dominion University,Li‐Shi Luo,A5046433030,188,17620,49,Lattice Boltzmann Simulation Studies,Lattice Boltzmann Simulation Studies | Aerosol Filtration and Electrostatic Precipitation | Fluid Dynamics and Turbulent Flows
Florida State University,Christopher K. W. Tam,A5103121024,349,17482,64,Aerodynamics and Acoustics in Jet Flows,Aerodynamics and Acoustics in Jet Flows | Fluid Dynamics and Turbulent Flows | Acoustic Wave Phenomena Research
University of Notre Dame,Ahsan Kareem,A5069470138,510,17442,75,Wind and Air Flow Studies,Wind and Air Flow Studies | Fluid Dynamics and Vibration Analysis | Structural Health Monitoring Techniques
University of Cincinnati,Ephraim Gutmark,A5079281009,963,17267,57,Aerodynamics and Acoustics in Jet Flows,Aerodynamics and Acoustics in Jet Flows | Combustion and flame dynamics | Fluid Dynamics and Turbulent Flows
Florida International University,Alexander M. Mebel,A5080022083,692,17213,61,Advanced Chemical Physics Studies,Advanced Chemical Physics Studies | Atmospheric chemistry and aerosols | Molecular Spectroscopy and Structure
University of Nevada-Las Vegas,Charles C. Han,A5109989680,516,17079,65,Polymer crystallization and properties,Polymer crystallization and properties | Polymer Nanocomposites and Properties | Material Dynamics and Properties
Old Dominion University,Michael G. Kong,A5079198045,394,16941,66,Plasma Applications and Diagnostics,Plasma Applications and Diagnostics | Plasma Diagnostics and Applications | Electrohydrodynamics and Fluid Dynamics
Texas A&M University,Elaine S. Oran,A5030002366,567,16660,64,Combustion and Detonation Processes,Combustion and Detonation Processes | Combustion and flame dynamics | Computational Fluid Dynamics and Aerodynamics
University of Central Florida,Stephen H. Davis,A5054726175,388,16614,58,Fluid Dynamics and Thin Films,Fluid Dynamics and Thin Films | Solidification and crystal growth phenomena | Fluid Dynamics and Turbulent Flows
Stony Brook University,Miriam Rafailovich,A5085610544,582,16452,70,Polymer crystallization and properties,Polymer crystallization and properties | Polymer Nanocomposites and Properties | Block Copolymer Self-Assembly
University of Houston,Alamgir Karim,A5088397513,591,16386,65,Block Copolymer Self-Assembly,Block Copolymer Self-Assembly | Fluid Dynamics and Thin Films | Nanofabrication and Lithography Techniques
Ohio University,R. McN. Alexander,A5103438495,170,16360,68,Robotic Locomotion and Control,Robotic Locomotion and Control | Muscle activation and electromyography studies | Paleontology and Evolutionary Biology
University of Massachusetts-Amherst,H. Henning Winter,A5113725612,284,16338,63,Rheology and Fluid Dynamics Studies,Rheology and Fluid Dynamics Studies | Polymer crystallization and properties | Polymer Nanocomposites and Properties
California Institute of Technology,Morteza Gharib,A5001942781,604,16216,69,Fluid Dynamics and Turbulent Flows,Fluid Dynamics and Turbulent Flows | Fluid Dynamics and Vibration Analysis | Cardiovascular Function and Risk Factors
University of Idaho,Jiaheng Zhang,A5032474012,562,16200,71,Energetic Materials and Combustion,Energetic Materials and Combustion | Crystallization and Solubility Studies | Thermal and Kinetic Analysis
University of Arizona,Dan Zhao,A5100624303,680,15667,70,Combustion and flame dynamics,Combustion and flame dynamics | Advanced Combustion Engine Technologies | Advanced Thermodynamic Systems and Engines
University of Minnesota-Twin Cities,David Y.H. Pui,A5113635240,442,15662,63,Aerosol Filtration and Electrostatic Precipitation,Aerosol Filtration and Electrostatic Precipitation | Particle Dynamics in Fluid Flows | Air Quality and Health Impacts
Pennsylvania State University,Fotis Sotiropoulos,A5014584215,501,15464,72,Fluid Dynamics and Turbulent Flows,Fluid Dynamics and Turbulent Flows | Wind Energy Research and Development | Fluid Dynamics and Vibration Analysis
University of Delaware,Michael E. Mackay,A5034741733,237,15463,63,Rheology and Fluid Dynamics Studies,Rheology and Fluid Dynamics Studies | Polymer crystallization and properties | Organic Electronics and Photovoltaics
University of South Florida,Paul W. Webb,A5086511386,277,15386,67,Fish Ecology and Management Studies,Fish Ecology and Management Studies | Biomimetic flight and propulsion mechanisms | Thermoregulation and physiological responses
Case Western Reserve University,Hiroshi Kawamura,A5101469469,1041,15317,58,Oceanographic and Atmospheric Processes,Oceanographic and Atmospheric Processes | Fusion materials and technologies | Fluid Dynamics and Turbulent Flows
Texas Tech University,Robert E. Jones,A5101405085,312,15223,43,Cancer Immunotherapy and Biomarkers,Cancer Immunotherapy and Biomarkers | 3D IC and TSV technologies | Protist diversity and phylogeny
Louisiana State University,Donald L. Thompson,A5050881482,675,15134,60,Advanced Chemical Physics Studies,Advanced Chemical Physics Studies | Reproductive Physiology in Livestock | Veterinary Equine Medical Research
Cornell University,Eberhard Bodenschatz,A5047149314,632,15019,62,Fluid Dynamics and Turbulent Flows,Fluid Dynamics and Turbulent Flows | Particle Dynamics in Fluid Flows | Nonlinear Dynamics and Pattern Formation
The University of Texas at El Paso,Lin Ma,A5001213278,651,14942,66,Combustion and flame dynamics,Combustion and flame dynamics | Thermochemical Biomass Conversion Processes | Fuel Cells and Related Materials
University of Virginia,Lin Ma,A5001213278,651,14942,66,Combustion and flame dynamics,Combustion and flame dynamics | Thermochemical Biomass Conversion Processes | Fuel Cells and Related Materials
Texas A&M University,Eric L. Petersen,A5059637559,486,14760,58,Advanced Combustion Engine Technologies,Advanced Combustion Engine Technologies | Combustion and flame dynamics | Combustion and Detonation Processes
Georgia Institute of Technology,Dimitri N. Mavris,A5044421630,1741,14679,46,Advanced Aircraft Design and Technologies,Advanced Aircraft Design and Technologies | Probabilistic and Robust Engineering Design | Air Traffic Management and Optimization
George Mason University,John Olds,A5064571695,336,14608,51,Rocket and propulsion systems research,Rocket and propulsion systems research | Spacecraft Design and Technology | Spacecraft and Cryogenic Technologies
Stony Brook University,James Glimm,A5038334215,578,14578,63,Fluid Dynamics and Turbulent Flows,Fluid Dynamics and Turbulent Flows | Computational Fluid Dynamics and Aerodynamics | Laser-Plasma Interactions and Diagnostics
Georgia Institute of Technology,Yogendra Joshi,A5003076382,643,14434,59,Heat Transfer and Optimization,Heat Transfer and Optimization | Heat Transfer and Boiling Studies | Heat Transfer Mechanisms
Old Dominion University,J. S. Turner,A5103049427,156,14376,61,Oceanographic and Atmospheric Processes,Oceanographic and Atmospheric Processes | Marine and coastal ecosystems | Fluid Dynamics and Turbulent Flows
University of California-San Diego,In Lee,A5113674783,626,14101,45,Aeroelasticity and Vibration Control,Aeroelasticity and Vibration Control | Composite Structure Analysis and Optimization | Computational Fluid Dynamics and Aerodynamics
Michigan Technological University,P. Bradshaw,A5108871402,247,13744,57,Fluid Dynamics and Turbulent Flows,Fluid Dynamics and Turbulent Flows | Wind and Air Flow Studies | Aerodynamics and Acoustics in Jet Flows
Washington University in St. Louis,James Friend,A5048595089,514,13722,59,Microfluidic and Bio-sensing Technologies,Microfluidic and Bio-sensing Technologies | Microfluidic and Capillary Electrophoresis Applications | Acoustic Wave Resonator Technologies
George Mason University,Rainald Löhner,A5030435894,526,13519,61,Computational Fluid Dynamics and Aerodynamics,Computational Fluid Dynamics and Aerodynamics | Advanced Numerical Methods in Computational Mathematics | Fluid Dynamics and Turbulent Flows
Princeton University,Richard B. Miles,A5103080298,836,13195,58,Plasma Diagnostics and Applications,Plasma Diagnostics and Applications | Laser-induced spectroscopy and plasma | Plasma and Flow Control in Aerodynamics
Texas A&M University,Richard B. Miles,A5103080298,836,13195,58,Plasma Diagnostics and Applications,Plasma Diagnostics and Applications | Laser-induced spectroscopy and plasma | Plasma and Flow Control in Aerodynamics
University of Notre Dame,Alexander S. Mukasyan,A5010771909,307,13078,56,Energetic Materials and Combustion,Energetic Materials and Combustion | Intermetallics and Advanced Alloy Properties | Advanced materials and composites
Ohio State University,Igor Adamovich,A5036813121,568,12976,59,Plasma Applications and Diagnostics,Plasma Applications and Diagnostics | Plasma Diagnostics and Applications | Laser Design and Applications
New Jersey Institute of Technology,Edward L. Dreizin,A5022792345,377,12928,60,Energetic Materials and Combustion,Energetic Materials and Combustion | Thermal and Kinetic Analysis | Combustion and Detonation Processes
Pennsylvania State University,Alberto Bressan,A5048359772,421,12549,51,Navier-Stokes equation solutions,Navier-Stokes equation solutions | Advanced Mathematical Physics Problems | Stability and Controllability of Differential Equations
University of Rochester,V. N. Goncharov,A5002555574,591,12421,58,Laser-Plasma Interactions and Diagnostics,Laser-Plasma Interactions and Diagnostics | Laser-induced spectroscopy and plasma | Laser-Matter Interactions and Applications
University of Kentucky,Huai Li,A5074947237,709,12383,55,Fluid Dynamics and Mixing,Fluid Dynamics and Mixing | Innovative Microfluidic and Catalytic Techniques Innovation | Fluid Dynamics and Heat Transfer
Brown University,Kenneth Breuer,A5067000740,486,12356,62,Biomimetic flight and propulsion mechanisms,Biomimetic flight and propulsion mechanisms | Fluid Dynamics and Turbulent Flows | Aerospace Engineering and Energy Systems
Ohio State University,Philip J. Smith,A5084536188,470,12326,46,Combustion and flame dynamics,Combustion and flame dynamics | Thermochemical Biomass Conversion Processes | Human-Automation Interaction and Safety
University of Florida,Leslie Smith,A5006696147,509,12085,53,Groundwater flow and contamination studies,Groundwater flow and contamination studies | Fluid Dynamics and Turbulent Flows | Meteorological Phenomena and Simulations
University of Wisconsin-Madison,Leslie Smith,A5006696147,509,12085,53,Groundwater flow and contamination studies,Groundwater flow and contamination studies | Fluid Dynamics and Turbulent Flows | Meteorological Phenomena and Simulations
Ohio State University,Datta V. Gaitonde,A5082589597,550,12003,48,Fluid Dynamics and Turbulent Flows,Fluid Dynamics and Turbulent Flows | Computational Fluid Dynamics and Aerodynamics | Aerodynamics and Acoustics in Jet Flows
University of Notre Dame,Hsueh‐Chia Chang,A5019725224,371,11985,63,Microfluidic and Bio-sensing Technologies,Microfluidic and Bio-sensing Technologies | Microfluidic and Capillary Electrophoresis Applications | Nanopore and Nanochannel Transport Studies
University of Alabama at Birmingham,William A. Anderson,A5081416282,579,11946,52,Rocket and propulsion systems research,Rocket and propulsion systems research | Advanced Photocatalysis Techniques | Combustion and flame dynamics
University of Wisconsin-Milwaukee,Michael Nosonovsky,A5032131820,666,11813,54,"Adhesion, Friction, and Surface Interactions","Adhesion, Friction, and Surface Interactions | Surface Modification and Superhydrophobicity | Force Microscopy Techniques and Applications"
Brown University,Alexandre Ern,A5061539614,478,11808,49,Advanced Numerical Methods in Computational Mathematics,Advanced Numerical Methods in Computational Mathematics | Advanced Mathematical Modeling in Engineering | Numerical methods in engineering
University of South Carolina,Xiaofeng Yang,A5013515385,289,11729,61,Solidification and crystal growth phenomena,Solidification and crystal growth phenomena | Fluid Dynamics and Thin Films | Advanced Numerical Methods in Computational Mathematics
University of Missouri-Columbia,Anthony Griffiths,A5068939333,367,11686,55,Combustion and flame dynamics,Combustion and flame dynamics | Viral Infections and Outbreaks Research | SARS-CoV-2 and COVID-19 Research
Florida State University,I. M. Navon,A5029573210,302,11406,61,Meteorological Phenomena and Simulations,Meteorological Phenomena and Simulations | Model Reduction and Neural Networks | Advanced Numerical Methods in Computational Mathematics
Louisiana State University,Xiaowei Mu,A5015158888,206,11396,61,Flame retardant materials and properties,Flame retardant materials and properties | Advanced Battery Materials and Technologies | Advancements in Battery Materials
University of Central Florida,K. Vajravelu,A5008977788,373,11347,56,Nanofluid Flow and Heat Transfer,Nanofluid Flow and Heat Transfer | Fluid Dynamics and Turbulent Flows | Heat Transfer Mechanisms
Brigham Young University,L.D. Smoot,A5010852213,245,11109,36,Thermochemical Biomass Conversion Processes,Thermochemical Biomass Conversion Processes | Combustion and flame dynamics | Coal Combustion and Slurry Processing
Missouri University of Science and Technology,Muthanna H. Al‐Dahhan,A5087985247,387,11094,54,Fluid Dynamics and Mixing,Fluid Dynamics and Mixing | Granular flow and fluidized beds | Heat and Mass Transfer in Porous Media
Virginia Commonwealth University,Mohamed Gad‐el‐Hak,A5057367771,331,11070,54,Fluid Dynamics and Turbulent Flows,Fluid Dynamics and Turbulent Flows | Fluid Dynamics and Vibration Analysis | Wind and Air Flow Studies
University of Missouri-Kansas City,Ahmed M. Hassan,A5100653748,727,10985,46,Nanofluid Flow and Heat Transfer,Nanofluid Flow and Heat Transfer | Heat Transfer Mechanisms | Fluid Dynamics and Turbulent Flows
Carnegie Mellon University,Myung S. Jhon,A5108212385,402,10838,54,"Adhesion, Friction, and Surface Interactions","Adhesion, Friction, and Surface Interactions | Vibration Control and Rheological Fluids | Rheology and Fluid Dynamics Studies"
Pennsylvania State University,Karen A. Thole,A5038920018,434,10824,55,Heat Transfer Mechanisms,Heat Transfer Mechanisms | Turbomachinery Performance and Optimization | Fluid Dynamics and Turbulent Flows
University of Missouri-Kansas City,David S. Moore,A5045708860,323,10812,45,Energetic Materials and Combustion,Energetic Materials and Combustion | Spectroscopy Techniques in Biomedical and Chemical Research | Laser-Matter Interactions and Applications
University of Dayton,Alexander B. Morgan,A5009254713,194,10760,44,Flame retardant materials and properties,Flame retardant materials and properties | Fire dynamics and safety research | Polymer Nanocomposites and Properties
University of Kansas,Z.J. Wang,A5066756438,343,10386,47,Computational Fluid Dynamics and Aerodynamics,Computational Fluid Dynamics and Aerodynamics | Fluid Dynamics and Turbulent Flows | Advanced Numerical Methods in Computational Mathematics
University of Missouri-Kansas City,Z.J. Wang,A5066756438,343,10386,47,Computational Fluid Dynamics and Aerodynamics,Computational Fluid Dynamics and Aerodynamics | Fluid Dynamics and Turbulent Flows | Advanced Numerical Methods in Computational Mathematics
Rensselaer Polytechnic Institute,Jianxi Gao,A5031928873,307,10344,44,Complex Network Analysis Techniques,Complex Network Analysis Techniques | Advanced Combustion Engine Technologies | Combustion and flame dynamics
Rensselaer Polytechnic Institute,Mark S. Shephard,A5080270359,423,10295,50,Advanced Numerical Methods in Computational Mathematics,Advanced Numerical Methods in Computational Mathematics | Computational Geometry and Mesh Generation | Computational Fluid Dynamics and Aerodynamics
Brigham Young University,Larry Baxter,A5033055074,250,10225,44,Thermochemical Biomass Conversion Processes,Thermochemical Biomass Conversion Processes | Coal and Its By-products | Catalytic Processes in Materials Science
University of Notre Dame,Jiahong Wu,A5100368783,279,10070,52,Navier-Stokes equation solutions,Navier-Stokes equation solutions | Advanced Mathematical Physics Problems | Stability and Controllability of Differential Equations
Lehigh University,D. Rockwell,A5110077459,248,9940,49,Fluid Dynamics and Turbulent Flows,Fluid Dynamics and Turbulent Flows | Fluid Dynamics and Vibration Analysis | Aerodynamics and Acoustics in Jet Flows
University of Rhode Island,Stéphan T. Grilli,A5054860085,298,9708,45,Coastal and Marine Dynamics,Coastal and Marine Dynamics | Ocean Waves and Remote Sensing | earthquake and tectonic studies
University of California-Merced,Michael F. Modest,A5005181253,424,9683,50,Radiative Heat Transfer Studies,Radiative Heat Transfer Studies | Combustion and flame dynamics | Gas Dynamics and Kinetic Theory
Northwestern University,Yun Liu,A5040223036,929,9531,55,Legal and Regulatory Analysis,"Legal and Regulatory Analysis | Linguistic, Cultural, and Literary Studies | Military Technology and Strategies"
University of Central Florida,Yoav Peles,A5053669890,255,9415,55,Heat Transfer and Boiling Studies,Heat Transfer and Boiling Studies | Heat Transfer and Optimization | Heat Transfer Mechanisms
University of Missouri-Columbia,Zhen Chen,A5052154037,447,9264,43,Fluid Dynamics Simulations and Interactions,Fluid Dynamics Simulations and Interactions | High-Velocity Impact and Material Behavior | Numerical methods in engineering
University of Massachusetts-Amherst,C. Pozrikidis,A5024029502,284,9172,51,Rheology and Fluid Dynamics Studies,Rheology and Fluid Dynamics Studies | Lattice Boltzmann Simulation Studies | Fluid Dynamics and Thin Films
Stony Brook University,Jonathan Sokolov,A5019917692,315,8966,52,Polymer Nanocomposites and Properties,Polymer Nanocomposites and Properties | Polymer crystallization and properties | Block Copolymer Self-Assembly
University of Alabama at Birmingham,Yufeng Li,A5100355159,364,8948,49,Advanced Combustion Engine Technologies,Advanced Combustion Engine Technologies | Ovarian function and disorders | Effects and risks of endocrine disrupting chemicals
Northeastern University,Yiannis A. Levendis,A5044727802,261,8825,50,Thermochemical Biomass Conversion Processes,Thermochemical Biomass Conversion Processes | Fire dynamics and safety research | Advanced Combustion Engine Technologies
University of Cincinnati,Jinping Qu,A5058047142,352,8807,49,Polymer crystallization and properties,Polymer crystallization and properties | biodegradable polymer synthesis and properties | Polymer Nanocomposites and Properties
Case Western Reserve University,Roger D. Quinn,A5065352683,383,8803,51,Robotic Locomotion and Control,Robotic Locomotion and Control | Modular Robots and Swarm Intelligence | Prosthetics and Rehabilitation Robotics
University of Delaware,Ajay K. Prasad,A5046981229,266,8461,53,Fuel Cells and Related Materials,Fuel Cells and Related Materials | Electrocatalysts for Energy Conversion | Advanced Battery Technologies Research
Clemson University,Xiangchun Xuan,A5022411269,257,8209,53,Microfluidic and Bio-sensing Technologies,Microfluidic and Bio-sensing Technologies | Microfluidic and Capillary Electrophoresis Applications | Electrostatics and Colloid Interactions
University of Arizona,Hermann F. Fasel,A5050186702,481,8125,42,Fluid Dynamics and Turbulent Flows,Fluid Dynamics and Turbulent Flows | Computational Fluid Dynamics and Aerodynamics | Aerodynamics and Acoustics in Jet Flows
University of Utah,David Ingram,A5013280235,452,8097,43,Wave and Wind Energy Systems,Wave and Wind Energy Systems | Fluid Dynamics Simulations and Interactions | Electronic Health Records Systems
Brigham Young University,Thomas H. Fletcher,A5063818899,237,8072,51,Thermochemical Biomass Conversion Processes,Thermochemical Biomass Conversion Processes | Combustion and flame dynamics | Fire dynamics and safety research
Clemson University,Zoran Filipi,A5008488669,267,8062,47,Advanced Combustion Engine Technologies,Advanced Combustion Engine Technologies | Vehicle emissions and performance | Electric and Hybrid Vehicle Technologies
University of Southern California,Takeshi Saito,A5081133688,595,8045,46,Carbon Nanotubes in Composites,Carbon Nanotubes in Composites | Graphene research and applications | Fullerene Chemistry and Applications
Cornell University,J.C. Jones,A5069180719,719,8030,42,Liquid Crystal Research Advancements,Liquid Crystal Research Advancements | Fire dynamics and safety research | Combustion and Detonation Processes
University of Florida,J.C. Jones,A5069180719,719,8030,42,Liquid Crystal Research Advancements,Liquid Crystal Research Advancements | Fire dynamics and safety research | Combustion and Detonation Processes
University of Washington,J.C. Jones,A5069180719,719,8030,42,Liquid Crystal Research Advancements,Liquid Crystal Research Advancements | Fire dynamics and safety research | Combustion and Detonation Processes
University of Wisconsin-Madison,J.C. Jones,A5069180719,719,8030,42,Liquid Crystal Research Advancements,Liquid Crystal Research Advancements | Fire dynamics and safety research | Combustion and Detonation Processes
New Jersey Institute of Technology,Mirko Schoenitz,A5082987853,258,7965,48,Energetic Materials and Combustion,Energetic Materials and Combustion | Thermal and Kinetic Analysis | Combustion and Detonation Processes
University of Delaware,Antony N. Beris,A5068111324,238,7821,44,Rheology and Fluid Dynamics Studies,Rheology and Fluid Dynamics Studies | Fluid Dynamics and Turbulent Flows | Fluid Dynamics and Vibration Analysis
University of Virginia,Frederick Schauer,A5055295501,554,7792,43,Judicial and Constitutional Studies,"Judicial and Constitutional Studies | Combustion and Detonation Processes | Law, Rights, and Freedoms"
Texas A&M University,Yassin A. Hassan,A5022858244,757,7769,44,Nuclear Engineering Thermal-Hydraulics,Nuclear Engineering Thermal-Hydraulics | Nuclear reactor physics and engineering | Fluid Dynamics and Turbulent Flows
Florida International University,Arindam Chowdhury,A5046587651,256,7759,42,Wind and Air Flow Studies,Wind and Air Flow Studies | Tropical and Extratropical Cyclones Research | Perovskite Materials and Applications
Florida State University,Yang Wang,A5115602029,316,7738,49,Advanced Combustion Engine Technologies,Advanced Combustion Engine Technologies | Catalytic Processes in Materials Science | Combustion and flame dynamics
University of Notre Dame,Harindra J. S. Fernando,A5035226331,302,7734,45,Meteorological Phenomena and Simulations,Meteorological Phenomena and Simulations | Oceanographic and Atmospheric Processes | Wind and Air Flow Studies
The University of Texas at Arlington,Chaoqun Liu,A5042452305,412,7700,41,Fluid Dynamics and Turbulent Flows,Fluid Dynamics and Turbulent Flows | Computational Fluid Dynamics and Aerodynamics | Fluid Dynamics and Vibration Analysis
Texas A&M University,Qingsheng Wang,A5026699023,482,7679,48,Risk and Safety Analysis,Risk and Safety Analysis | Fire dynamics and safety research | Combustion and Detonation Processes
University of Wisconsin-Madison,P. W. Terry,A5026014924,515,7589,40,Magnetic confinement fusion research,Magnetic confinement fusion research | Ionosphere and magnetosphere dynamics | Solar and Space Plasma Dynamics
University of Rhode Island,James L. Smith,A5091156558,274,7469,44,Wildlife Ecology and Conservation,Wildlife Ecology and Conservation | Energetic Materials and Combustion | Ergonomics and Musculoskeletal Disorders
Rensselaer Polytechnic Institute,Donald A. Drew,A5077342180,202,7344,38,Fluid Dynamics and Mixing,Fluid Dynamics and Mixing | Particle Dynamics in Fluid Flows | Fluid Dynamics and Heat Transfer
University of Wisconsin-Madison,Tim A. Osswald,A5047683007,493,7319,43,Polymer crystallization and properties,Polymer crystallization and properties | Rheology and Fluid Dynamics Studies | Injection Molding Process and Properties
Texas Tech University,Wei Zhang,A5100692237,366,7083,43,Vibration and Dynamic Analysis,Vibration and Dynamic Analysis | Composite Structure Analysis and Optimization | Structural Analysis and Optimization
Tufts University,Nadine Aubry,A5017743698,256,7070,42,Fluid Dynamics and Turbulent Flows,Fluid Dynamics and Turbulent Flows | Microfluidic and Bio-sensing Technologies | Electrohydrodynamics and Fluid Dynamics
Washington State University,Heping Liu,A5100457021,269,6929,40,Plant Water Relations and Carbon Dynamics,Plant Water Relations and Carbon Dynamics | Meteorological Phenomena and Simulations | Fluid Dynamics and Turbulent Flows
Louisiana State University,K. Nandakumar,A5091310415,306,6882,48,Fluid Dynamics and Heat Transfer,Fluid Dynamics and Heat Transfer | Lattice Boltzmann Simulation Studies | Fluid Dynamics and Turbulent Flows
Syracuse University,Lawrence L. Tavlarides,A5038081477,211,6813,42,Fluid Dynamics and Mixing,Fluid Dynamics and Mixing | Minerals Flotation and Separation Techniques | Extraction and Separation Processes
University of Notre Dame,Eric Jumper,A5041911210,322,6772,36,Fluid Dynamics and Turbulent Flows,Fluid Dynamics and Turbulent Flows | Adaptive optics and wavefront sensing | Aerodynamics and Acoustics in Jet Flows
University of North Texas,Robert L. Powell,A5109046506,253,6733,40,Rheology and Fluid Dynamics Studies,Rheology and Fluid Dynamics Studies | NMR spectroscopy and applications | Material Dynamics and Properties
Washington State University,Y. M. Gupta,A5021838658,387,6693,48,High-pressure geophysics and materials,High-pressure geophysics and materials | Energetic Materials and Combustion | High-Velocity Impact and Material Behavior
University of Denver,Kenneth T. Christensen,A5071088986,329,6232,40,Fluid Dynamics and Turbulent Flows,Fluid Dynamics and Turbulent Flows | Particle Dynamics in Fluid Flows | Hydrology and Sediment Transport Processes
Florida International University,Gaurav Dwivedi,A5084382021,253,6119,40,Biodiesel Production and Applications,Biodiesel Production and Applications | Advanced Combustion Engine Technologies | Lubricants and Their Additives
University of Kentucky,Kozo Saito,A5071664928,254,6075,44,Fire dynamics and safety research,Fire dynamics and safety research | Combustion and flame dynamics | Fire effects on ecosystems
Howard University,Nadir Yılmaz,A5071383910,132,5878,42,Advanced Combustion Engine Technologies,Advanced Combustion Engine Technologies | Biodiesel Production and Applications | Heat transfer and supercritical fluids
Louisiana State University,Bijan Mohammadi,A5041893980,347,5714,38,Mechanical Behavior of Composites,Mechanical Behavior of Composites | Composite Structure Analysis and Optimization | Computational Fluid Dynamics and Aerodynamics
Carnegie Mellon University,Qing Xiao,A5100721754,326,5641,39,Fluid Dynamics and Vibration Analysis,Fluid Dynamics and Vibration Analysis | Wave and Wind Energy Systems | Wind Energy Research and Development
University of South Florida,Ivan Oleynik,A5065464997,253,5612,34,Energetic Materials and Combustion,Energetic Materials and Combustion | High-pressure geophysics and materials | Diamond and Carbon-based Materials Research
University of Massachusetts-Lowell,Fuqiang Liu,A5100733018,250,5601,41,Electrocatalysts for Energy Conversion,Electrocatalysts for Energy Conversion | Combustion and flame dynamics | Fuel Cells and Related Materials
University of Maryland-Baltimore County,B. Nicolaenko,A5112519174,157,5544,34,Fluid Dynamics and Turbulent Flows,Fluid Dynamics and Turbulent Flows | Navier-Stokes equation solutions | Stability and Controllability of Differential Equations
University of Rhode Island,Anthony J. Marchese,A5011880552,159,5491,35,Advanced Combustion Engine Technologies,Advanced Combustion Engine Technologies | Combustion and flame dynamics | Engineering Education and Pedagogy
University of Oklahoma,Dimitrios V. Papavassiliou,A5044193981,241,5485,38,Fluid Dynamics and Turbulent Flows,Fluid Dynamics and Turbulent Flows | Carbon Nanotubes in Composites | Thermal properties of materials
University of Missouri-Columbia,Sudarshan K. Loyalka,A5053257921,292,5430,39,Gas Dynamics and Kinetic Theory,Gas Dynamics and Kinetic Theory | Particle Dynamics in Fluid Flows | Nuclear reactor physics and engineering
University of South Carolina,Jamil A. Khan,A5101410159,242,5429,40,Heat Transfer and Optimization,Heat Transfer and Optimization | Heat Transfer and Boiling Studies | Nanofluid Flow and Heat Transfer
University of Delaware,Shangyou Zhang,A5040152867,300,5416,30,Advanced Numerical Methods in Computational Mathematics,Advanced Numerical Methods in Computational Mathematics | Numerical methods in engineering | Electromagnetic Simulation and Numerical Methods
University of Notre Dame,Flint O. Thomas,A5053357631,283,5391,40,Fluid Dynamics and Turbulent Flows,Fluid Dynamics and Turbulent Flows | Aerodynamics and Acoustics in Jet Flows | Plasma and Flow Control in Aerodynamics
University of Central Florida,Ranganathan Kumar,A5036913194,245,5385,39,Fluid Dynamics and Heat Transfer,Fluid Dynamics and Heat Transfer | Electrohydrodynamics and Fluid Dynamics | Innovative Microfluidic and Catalytic Techniques Innovation
University of Oklahoma,Subhash Shah,A5013787758,260,5383,38,Drilling and Well Engineering,Drilling and Well Engineering | Hydraulic Fracturing and Reservoir Analysis | Rheology and Fluid Dynamics Studies
Michigan Technological University,Richard Davis,A5018544347,195,5250,32,Scientific Measurement and Uncertainty Evaluation,Scientific Measurement and Uncertainty Evaluation | Sensor Technology and Measurement Systems | Radioactive Decay and Measurement Techniques
Rensselaer Polytechnic Institute,Joel L. Plawsky,A5032586037,303,5242,40,Heat Transfer and Boiling Studies,Heat Transfer and Boiling Studies | Semiconductor materials and devices | Copper Interconnects and Reliability
University of Minnesota-Twin Cities,Kumar K. Tamma,A5065390310,440,5110,36,Numerical methods for differential equations,Numerical methods for differential equations | Numerical methods in engineering | Advanced Numerical Methods in Computational Mathematics
Saint Louis University,Theodosios Korakianitis,A5006296343,175,5096,38,Advanced Combustion Engine Technologies,Advanced Combustion Engine Technologies | Turbomachinery Performance and Optimization | Combustion and flame dynamics
University of Notre Dame,Mihir Sen,A5036886663,269,5070,37,Heat Transfer and Optimization,Heat Transfer and Optimization | Fluid Dynamics and Turbulent Flows | Nanofluid Flow and Heat Transfer
Drexel University,Bakhtier Farouk,A5005581153,293,5063,35,Plasma Diagnostics and Applications,Plasma Diagnostics and Applications | Plasma Applications and Diagnostics | Advanced Thermodynamic Systems and Engines
The University of Texas at Arlington,Frank Lu,A5077491391,356,5041,34,Combustion and Detonation Processes,Combustion and Detonation Processes | Computational Fluid Dynamics and Aerodynamics | Fluid Dynamics and Turbulent Flows
University of Massachusetts-Amherst,Ehsan Roohi,A5067028133,298,5035,43,Gas Dynamics and Kinetic Theory,Gas Dynamics and Kinetic Theory | Computational Fluid Dynamics and Aerodynamics | Fluid Dynamics and Turbulent Flows
Rensselaer Polytechnic Institute,William N. Gill,A5110158222,209,5018,39,Copper Interconnects and Reliability,Copper Interconnects and Reliability | Semiconductor materials and devices | Membrane Separation Technologies
Auburn University,Joseph Majdalani,A5045768438,294,4994,39,Rocket and propulsion systems research,Rocket and propulsion systems research | Spacecraft and Cryogenic Technologies | Energetic Materials and Combustion
University of Nevada-Reno,A. Jeffrey Giacomin,A5072268674,749,4961,33,Rheology and Fluid Dynamics Studies,Rheology and Fluid Dynamics Studies | Polymer crystallization and properties | Material Dynamics and Properties
University of Nevada-Reno,Faramarz Gordaninejad,A5038039027,220,4910,40,Vibration Control and Rheological Fluids,Vibration Control and Rheological Fluids | Structural Engineering and Vibration Analysis | Seismic Performance and Analysis
Northeastern University,Yuntao Li,A5100616043,312,4831,35,Topic Modeling,Topic Modeling | Combustion and Detonation Processes | Fire dynamics and safety research
Southern Illinois University-Carbondale,Asghar Esmaeeli,A5013915205,100,4601,21,Fluid Dynamics and Heat Transfer,Fluid Dynamics and Heat Transfer | Electrohydrodynamics and Fluid Dynamics | Fluid Dynamics and Mixing
East Carolina University,David West,A5110788717,122,4589,31,Catalytic Processes in Materials Science,Catalytic Processes in Materials Science | Catalysis and Oxidation Reactions | Combustion and flame dynamics
University of Arizona,Jürgen Czarske,A5065780800,536,4563,35,Optical Coherence Tomography Applications,Optical Coherence Tomography Applications | Fluid Dynamics and Turbulent Flows | Advanced Measurement and Metrology Techniques
New Jersey Institute of Technology,Lou Kondic,A5026028890,352,4482,38,Fluid Dynamics and Thin Films,Fluid Dynamics and Thin Films | Granular flow and fluidized beds | Fluid Dynamics and Heat Transfer
University of Maine,Andrew J. Goupee,A5080950503,106,4386,33,Wave and Wind Energy Systems,Wave and Wind Energy Systems | Wind Energy Research and Development | Fluid Dynamics and Vibration Analysis
Florida International University,George S. Dulikravich,A5064384135,391,4341,33,Computational Fluid Dynamics and Aerodynamics,Computational Fluid Dynamics and Aerodynamics | Numerical methods in inverse problems | Turbomachinery Performance and Optimization
Syracuse University,Mark Glauser,A5109075667,342,4288,32,Fluid Dynamics and Turbulent Flows,Fluid Dynamics and Turbulent Flows | Aerodynamics and Acoustics in Jet Flows | Computational Fluid Dynamics and Aerodynamics
University of North Dakota,Michael D. Mann,A5058566977,170,4287,34,Thermochemical Biomass Conversion Processes,Thermochemical Biomass Conversion Processes | Coal Properties and Utilization | Coal Combustion and Slurry Processing
University of Denver,Gary A. Bishop,A5014579784,156,4285,37,Vehicle emissions and performance,Vehicle emissions and performance | Atmospheric chemistry and aerosols | Air Quality and Health Impacts
Missouri University of Science and Technology,B. F. Armaly,A5024068235,144,4277,27,Fluid Dynamics and Turbulent Flows,Fluid Dynamics and Turbulent Flows | Nanofluid Flow and Heat Transfer | Heat Transfer Mechanisms
Texas Tech University,M. Kristiansen,A5045668248,476,4252,31,Gyrotron and Vacuum Electronics Research,Gyrotron and Vacuum Electronics Research | Pulsed Power Technology Applications | Electromagnetic Launch and Propulsion Technology
University of Cincinnati,W. Tabakoff,A5109151121,285,4239,29,Particle Dynamics in Fluid Flows,Particle Dynamics in Fluid Flows | Erosion and Abrasive Machining | Turbomachinery Performance and Optimization
Clemson University,Tomas McKelvey,A5008266977,328,4230,29,Control Systems and Identification,Control Systems and Identification | Structural Health Monitoring Techniques | Advanced Combustion Engine Technologies
University of Delaware,Richard Braun,A5024381980,237,4222,32,Ocular Surface and Contact Lens,Ocular Surface and Contact Lens | Fluid Dynamics and Thin Films | Liquid Crystal Research Advancements
Louisiana State University,Jader R. Barbosa,A5041426283,329,4215,34,Heat Transfer and Boiling Studies,Heat Transfer and Boiling Studies | Heat Transfer and Optimization | Magnetic and transport properties of perovskites and related materials
University of Wyoming,Stefan Heinz,A5023046646,305,4211,34,Fluid Dynamics and Turbulent Flows,Fluid Dynamics and Turbulent Flows | Wind and Air Flow Studies | Aerodynamics and Acoustics in Jet Flows
University of Dayton,Joshua S. Heyne,A5040847387,121,4119,31,Advanced Combustion Engine Technologies,Advanced Combustion Engine Technologies | Rocket and propulsion systems research | Heat transfer and supercritical fluids
Southern Methodist University,Thomas Hagstrom,A5009161299,170,4005,32,Electromagnetic Simulation and Numerical Methods,Electromagnetic Simulation and Numerical Methods | Advanced Numerical Methods in Computational Mathematics | Electromagnetic Scattering and Analysis
Old Dominion University,C. E. Grosch,A5113952665,163,3984,32,Fluid Dynamics and Turbulent Flows,Fluid Dynamics and Turbulent Flows | Computational Fluid Dynamics and Aerodynamics | Oceanographic and Atmospheric Processes
University of Maine,J. Stuart Bolton,A5063803562,467,3927,29,Acoustic Wave Phenomena Research,Acoustic Wave Phenomena Research | Vehicle Noise and Vibration Control | Aerodynamics and Acoustics in Jet Flows
Missouri University of Science and Technology,Dimitri Feys,A5018487486,126,3901,32,Innovations in Concrete and Construction Materials,Innovations in Concrete and Construction Materials | Concrete and Cement Materials Research | Innovative concrete reinforcement materials
The University of Texas at El Paso,Chuan Xiao,A5090377305,205,3894,29,Energetic Materials and Combustion,Energetic Materials and Combustion | Thermal and Kinetic Analysis | Bacteriophages and microbial interactions
New Jersey Institute of Technology,David C. Venerus,A5046699858,123,3881,31,Rheology and Fluid Dynamics Studies,Rheology and Fluid Dynamics Studies | Polymer crystallization and properties | Material Dynamics and Properties
Southern Methodist University,José Luis Caramés Lage,A5076306069,184,3861,34,Heat and Mass Transfer in Porous Media,Heat and Mass Transfer in Porous Media | Nanofluid Flow and Heat Transfer | Heat Transfer and Optimization
Rensselaer Polytechnic Institute,William D. Henshaw,A5111584732,164,3818,36,Computational Fluid Dynamics and Aerodynamics,Computational Fluid Dynamics and Aerodynamics | Advanced Numerical Methods in Computational Mathematics | Electromagnetic Simulation and Numerical Methods
Texas Tech University,J. Dickens,A5021866631,527,3755,29,Pulsed Power Technology Applications,Pulsed Power Technology Applications | Gyrotron and Vacuum Electronics Research | Particle accelerators and beam dynamics
University of Wyoming,Jonathan Naughton,A5038476460,260,3749,22,Fluid Dynamics and Turbulent Flows,Fluid Dynamics and Turbulent Flows | Wind and Air Flow Studies | Fluid Dynamics and Vibration Analysis
Missouri University of Science and Technology,Guang Xu,A5090681940,199,3746,37,Coal Properties and Utilization,Coal Properties and Utilization | Combustion and Detonation Processes | Aerosol Filtration and Electrostatic Precipitation
University of Rhode Island,Jimmie C. Oxley,A5047475381,173,3712,32,Energetic Materials and Combustion,Energetic Materials and Combustion | Mass Spectrometry Techniques and Applications | Thermal and Kinetic Analysis
Drexel University,Nicolas J. Alvarez,A5077438335,179,3700,35,Rheology and Fluid Dynamics Studies,Rheology and Fluid Dynamics Studies | Polymer crystallization and properties | Additive Manufacturing and 3D Printing Technologies
Brigham Young University,Andrew Ning,A5066505573,207,3696,34,Wind Energy Research and Development,Wind Energy Research and Development | Wind and Air Flow Studies | Fluid Dynamics and Turbulent Flows
University of Wisconsin-Milwaukee,Krishna M. Pillai,A5039294207,133,3653,35,Epoxy Resin Curing Processes,Epoxy Resin Curing Processes | Composite Material Mechanics | Lattice Boltzmann Simulation Studies
Clemson University,John R. Wagner,A5007939390,427,3591,31,Refrigeration and Air Conditioning Technologies,Refrigeration and Air Conditioning Technologies | Hydraulic and Pneumatic Systems | Vehicle Dynamics and Control Systems
University of Massachusetts-Lowell,David O. Kazmer,A5069634331,324,3487,28,Injection Molding Process and Properties,Injection Molding Process and Properties | Manufacturing Process and Optimization | Additive Manufacturing and 3D Printing Technologies
University of Massachusetts-Lowell,Ramaswamy Nagarajan,A5102721719,135,3464,32,Conducting polymers and applications,Conducting polymers and applications | Electrochemical sensors and biosensors | Flame retardant materials and properties
University of Mississippi,Shan Jiang,A5088544295,181,3461,29,High-Velocity Impact and Material Behavior,High-Velocity Impact and Material Behavior | Metal-Organic Frameworks: Synthesis and Applications | Microstructure and mechanical properties
University of Oklahoma,Otávio C. Acevedo,A5034360328,249,3422,31,Wind and Air Flow Studies,Wind and Air Flow Studies | Meteorological Phenomena and Simulations | Fluid Dynamics and Turbulent Flows
Florida International University,Cheng-Xian Lin,A5044698411,234,3393,34,Heat Transfer and Optimization,Heat Transfer and Optimization | Heat Transfer and Boiling Studies | Combustion and flame dynamics
Tufts University,Eric Tytell,A5018798138,2515,3351,28,Fish Ecology and Management Studies,Fish Ecology and Management Studies | Biomimetic flight and propulsion mechanisms | Sports Performance and Training
Clemson University,Leo G. Rebholz,A5028355904,222,3326,32,Advanced Numerical Methods in Computational Mathematics,Advanced Numerical Methods in Computational Mathematics | Computational Fluid Dynamics and Aerodynamics | Fluid Dynamics and Turbulent Flows
University of Central Florida,Olusegun J. Ilegbusi,A5008885258,214,3314,27,Metallurgical Processes and Thermodynamics,Metallurgical Processes and Thermodynamics | Gas Sensing Nanomaterials and Sensors | Advanced Chemical Sensor Technologies
University of Dayton,Steven Zabarnick,A5091528593,109,3310,32,Heat transfer and supercritical fluids,Heat transfer and supercritical fluids | Advanced Combustion Engine Technologies | Rocket and propulsion systems research
Lehigh University,Alparslan Öztekin,A5062609071,224,3306,33,Membrane Separation Technologies,Membrane Separation Technologies | Phase Change Materials Research | Fluid Dynamics and Turbulent Flows
Louisiana State University,Chao Sun,A5100418659,255,3260,31,Vibration Control and Rheological Fluids,Vibration Control and Rheological Fluids | Fluid Dynamics and Vibration Analysis | Seismic Performance and Analysis
Louisiana State University,Michael Martin,A5018681679,289,3258,28,Gas Dynamics and Kinetic Theory,Gas Dynamics and Kinetic Theory | Mechanical and Optical Resonators | Advanced MEMS and NEMS Technologies
Auburn University,Mehmet Arık,A5042514590,198,3253,28,Plasma and Flow Control in Aerodynamics,Plasma and Flow Control in Aerodynamics | Heat Transfer and Optimization | Fluid Dynamics and Turbulent Flows
University of Rhode Island,Mohammad Faghri,A5112567444,226,3250,32,Heat Transfer and Optimization,Heat Transfer and Optimization | Heat Transfer Mechanisms | Nanofluid Flow and Heat Transfer
Pennsylvania State University,Elia Merzari,A5046254414,430,3237,30,Nuclear reactor physics and engineering,Nuclear reactor physics and engineering | Nuclear Engineering Thermal-Hydraulics | Fluid Dynamics and Turbulent Flows
University of Massachusetts-Lowell,Elia Merzari,A5046254414,430,3237,30,Nuclear reactor physics and engineering,Nuclear reactor physics and engineering | Nuclear Engineering Thermal-Hydraulics | Fluid Dynamics and Turbulent Flows
Brigham Young University,Kent L. Gee,A5037640778,812,3231,24,Aerodynamics and Acoustics in Jet Flows,Aerodynamics and Acoustics in Jet Flows | Acoustic Wave Phenomena Research | Noise Effects and Management
Michigan State University,Minami Yoda,A5042582169,406,3226,29,Fluid Dynamics and Turbulent Flows,Fluid Dynamics and Turbulent Flows | Microfluidic and Bio-sensing Technologies | Particle Dynamics in Fluid Flows
University of Central Florida,Alain J. Kassab,A5068734730,266,3219,29,Numerical methods in engineering,Numerical methods in engineering | Numerical methods in inverse problems | Advanced Numerical Methods in Computational Mathematics
University of Mississippi,Wei-Yin Chen,A5102909760,125,3190,25,Thermochemical Biomass Conversion Processes,Thermochemical Biomass Conversion Processes | Catalytic Processes in Materials Science | Carbon Dioxide Capture Technologies
University of Nebraska-Lincoln,Kazuo Yamazaki,A5011915062,267,3166,28,Navier-Stokes equation solutions,Navier-Stokes equation solutions | Insect-Plant Interactions and Control | Advanced Mathematical Physics Problems
University of Mississippi,Sam S. Y. Wang,A5025593087,121,3141,28,Hydrology and Sediment Transport Processes,Hydrology and Sediment Transport Processes | Hydraulic flow and structures | Soil erosion and sediment transport
George Washington University,Michael W. Plesniak,A5032840071,232,3101,30,Fluid Dynamics and Turbulent Flows,Fluid Dynamics and Turbulent Flows | Coronary Interventions and Diagnostics | Aerodynamics and Acoustics in Jet Flows
Clemson University,Dvora Perahia,A5067183345,249,3100,25,Polymer crystallization and properties,Polymer crystallization and properties | Advanced Polymer Synthesis and Characterization | Block Copolymer Self-Assembly
Missouri University of Science and Technology,T. S. Chen,A5113028889,108,3094,31,Fluid Dynamics and Turbulent Flows,Fluid Dynamics and Turbulent Flows | Nanofluid Flow and Heat Transfer | Fluid Dynamics and Vibration Analysis
George Washington University,Marc Garbey,A5071548942,246,3085,27,Advanced Numerical Methods in Computational Mathematics,Advanced Numerical Methods in Computational Mathematics | Numerical methods for differential equations | Differential Equations and Numerical Methods
University of Central Florida,Jayanta Kapat,A5033793801,402,3034,23,Heat Transfer Mechanisms,Heat Transfer Mechanisms | Fluid Dynamics and Turbulent Flows | Turbomachinery Performance and Optimization
Rensselaer Polytechnic Institute,Peter R. Kramer,A5009642764,160,2981,28,Metabolism and Genetic Disorders,Metabolism and Genetic Disorders | Nonlinear Optical Materials Research | Dialysis and Renal Disease Management
Rensselaer Polytechnic Institute,John Tichy,A5075805907,198,2950,30,Tribology and Lubrication Engineering,"Tribology and Lubrication Engineering | Adhesion, Friction, and Surface Interactions | Gear and Bearing Dynamics Analysis"
Brigham Young University,Daniel Maynes,A5031038524,188,2947,28,Surface Modification and Superhydrophobicity,Surface Modification and Superhydrophobicity | Fluid Dynamics and Heat Transfer | Heat Transfer and Optimization
Baylor University,Honghi Tran,A5020159747,152,2909,22,Thermochemical Biomass Conversion Processes,Thermochemical Biomass Conversion Processes | Coal Combustion and Slurry Processing | Combustion and flame dynamics
New Jersey Institute of Technology,Wooyoung Choi,A5056046236,144,2776,27,Ocean Waves and Remote Sensing,Ocean Waves and Remote Sensing | Coastal and Marine Dynamics | Oceanographic and Atmospheric Processes
University of Rhode Island,James LeBlanc,A5103145362,131,2742,27,Structural Response to Dynamic Loads,Structural Response to Dynamic Loads | Energetic Materials and Combustion | Mechanical Behavior of Composites
Missouri University of Science and Technology,Walter Eversman,A5067203099,180,2716,29,Acoustic Wave Phenomena Research,Acoustic Wave Phenomena Research | Aerodynamics and Acoustics in Jet Flows | Vehicle Noise and Vibration Control
New Jersey Institute of Technology,P.M. Jordan,A5040849654,158,2709,29,Fluid Dynamics and Turbulent Flows,Fluid Dynamics and Turbulent Flows | Thermoelastic and Magnetoelastic Phenomena | Nanofluid Flow and Heat Transfer
University of Wyoming,Thanasis Barlas,A5079107095,109,2680,26,Wind Energy Research and Development,Wind Energy Research and Development | Wind and Air Flow Studies | Fluid Dynamics and Vibration Analysis
University of Nevada-Reno,A. M. Rajendran,A5002606828,175,2643,30,High-Velocity Impact and Material Behavior,High-Velocity Impact and Material Behavior | Microstructure and mechanical properties | Structural Response to Dynamic Loads
New Jersey Institute of Technology,Piero M. Armenante,A5064271304,119,2639,30,Fluid Dynamics and Mixing,Fluid Dynamics and Mixing | Microbial bioremediation and biosurfactants | Metallurgical Processes and Thermodynamics
University of Dayton,Elena A. Guliants,A5085664128,58,2602,20,Semiconductor materials and interfaces,Semiconductor materials and interfaces | Silicon Nanostructures and Photoluminescence | Silicon and Solar Cell Technologies
University of California-Davis,José L. Castillo,A5079712667,952,2471,28,Medicine and Dermatology Studies History,Medicine and Dermatology Studies History | Cultural and Social Studies in Latin America | Combustion and flame dynamics
Southern Methodist University,Peter E. Raad,A5051233101,143,2364,22,Thermal properties of materials,Thermal properties of materials | Fluid Dynamics Simulations and Interactions | GaN-based semiconductor devices and materials
University of Mississippi,Charles E. Tinney,A5042098193,170,2333,26,Aerodynamics and Acoustics in Jet Flows,Aerodynamics and Acoustics in Jet Flows | Fluid Dynamics and Turbulent Flows | Computational Fluid Dynamics and Aerodynamics
Louisiana State University,Yanyu Wang,A5100780540,240,2329,23,Advanced Combustion Engine Technologies,Advanced Combustion Engine Technologies | Advanced Sensor and Control Systems | Particle accelerators and beam dynamics
New Jersey Institute of Technology,Yuan‐Nan Young,A5038185799,180,2318,25,Micro and Nano Robotics,Micro and Nano Robotics | Lipid Membrane Structure and Behavior | Fluid Dynamics and Turbulent Flows
University of Massachusetts-Lowell,Charles Thompson,A5046763283,299,2292,22,Acoustic Wave Phenomena Research,Acoustic Wave Phenomena Research | Underwater Acoustics Research | Ultrasonics and Acoustic Wave Propagation
University of Mississippi,Qingqing Liu,A5100740327,129,2292,25,Navier-Stokes equation solutions,Navier-Stokes equation solutions | Heat Transfer and Boiling Studies | Advanced Mathematical Physics Problems
University of Central Florida,Kareem A. Ahmed,A5051850761,357,2262,24,Combustion and Detonation Processes,Combustion and Detonation Processes | Combustion and flame dynamics | Fire dynamics and safety research
Missouri University of Science and Technology,Subhas K. Venayagamoorthy,A5060491905,125,2253,23,Oceanographic and Atmospheric Processes,Oceanographic and Atmospheric Processes | Fluid Dynamics and Turbulent Flows | Meteorological Phenomena and Simulations
University of Dayton,Abdul A. Khan,A5101936909,118,2251,27,Hydraulic flow and structures,Hydraulic flow and structures | Hydrology and Sediment Transport Processes | Hydrology and Watershed Management Studies
University of Dayton,Richard C. Striebich,A5109330963,64,2188,25,Heat transfer and supercritical fluids,Heat transfer and supercritical fluids | Advanced Combustion Engine Technologies | Microbial bioremediation and biosurfactants
University of Denver,Matthew J. Rutherford,A5030563924,126,2171,21,Aerospace and Aviation Technology,Aerospace and Aviation Technology | Adaptive Control of Nonlinear Systems | Robotic Path Planning Algorithms
Old Dominion University,Oktay Baysal,A5043495490,172,2154,24,Computational Fluid Dynamics and Aerodynamics,Computational Fluid Dynamics and Aerodynamics | Fluid Dynamics and Turbulent Flows | Gas Dynamics and Kinetic Theory
Lehigh University,Sudhakar Neti,A5058048438,137,2122,25,Phase Change Materials Research,Phase Change Materials Research | Adsorption and Cooling Systems | Solar Thermal and Photovoltaic Systems
Brigham Young University,Tracianne B. Neilsen,A5065488855,455,2121,23,Aerodynamics and Acoustics in Jet Flows,Aerodynamics and Acoustics in Jet Flows | Acoustic Wave Phenomena Research | Underwater Acoustics Research
Southern Methodist University,Patty Wisian‐Neilson,A5034805429,141,2105,26,Synthesis and characterization of novel inorganic/organometallic compounds,Synthesis and characterization of novel inorganic/organometallic compounds | Flame retardant materials and properties | Organophosphorus compounds synthesis
New Jersey Institute of Technology,Lin Zhao,A5036011550,108,2059,26,Oil Spill Detection and Mitigation,Oil Spill Detection and Mitigation | Atmospheric and Environmental Gas Dynamics | Petroleum Processing and Analysis
University of Notre Dame,Ryan G. McClarren,A5036337528,270,2045,22,Nuclear reactor physics and engineering,Nuclear reactor physics and engineering | Gas Dynamics and Kinetic Theory | Nuclear Physics and Applications
University of Massachusetts-Lowell,Alireza V. Amirkhizi,A5033508464,139,2042,24,Structural Response to Dynamic Loads,Structural Response to Dynamic Loads | Acoustic Wave Phenomena Research | Metamaterials and Metasurfaces Applications
Rensselaer Polytechnic Institute,Zvi Rusak,A5053637121,231,2015,26,Fluid Dynamics and Turbulent Flows,Fluid Dynamics and Turbulent Flows | Computational Fluid Dynamics and Aerodynamics | Particle Dynamics in Fluid Flows
Rensselaer Polytechnic Institute,M.Z. Podowski,A5112268654,151,2013,22,Nuclear reactor physics and engineering,Nuclear reactor physics and engineering | Nuclear Engineering Thermal-Hydraulics | Fluid Dynamics and Mixing
New Jersey Institute of Technology,Costas G. Gogos,A5041039575,110,2011,28,Polymer crystallization and properties,Polymer crystallization and properties | Rheology and Fluid Dynamics Studies | Drug Solubulity and Delivery Systems
University of Wisconsin-Milwaukee,Raymond Fleming,A5110255804,122,1983,20,Vehicle emissions and performance,Vehicle emissions and performance | Advanced Combustion Engine Technologies | Catalytic Processes in Materials Science
University of Dayton,Matthew J. DeWitt,A5081816025,70,1977,22,Advanced Combustion Engine Technologies,Advanced Combustion Engine Technologies | Vehicle emissions and performance | Heat transfer and supercritical fluids
Old Dominion University,Chunqi Jiang,A5025388791,158,1973,25,Plasma Applications and Diagnostics,Plasma Applications and Diagnostics | Plasma Diagnostics and Applications | Pulsed Power Technology Applications
University of Dayton,J. Richard Ward,A5110033939,102,1958,15,Electromagnetic Launch and Propulsion Technology,Electromagnetic Launch and Propulsion Technology | Energetic Materials and Combustion | Rocket and propulsion systems research
Rensselaer Polytechnic Institute,Jeffrey W. Banks,A5006563491,149,1953,26,Computational Fluid Dynamics and Aerodynamics,Computational Fluid Dynamics and Aerodynamics | Advanced Numerical Methods in Computational Mathematics | Electromagnetic Simulation and Numerical Methods
Lehigh University,Edmund B. Webb,A5054995190,121,1938,27,Surface Modification and Superhydrophobicity,Surface Modification and Superhydrophobicity | nanoparticles nucleation surface interactions | Blood properties and coagulation
Lehigh University,Edward K. Levy,A5110133444,109,1912,27,Granular flow and fluidized beds,Granular flow and fluidized beds | Cyclone Separators and Fluid Dynamics | Particle Dynamics in Fluid Flows
California Institute of Technology,Peter Bachant,A5051382313,1060,1883,19,Engineering Applied Research,Engineering Applied Research | Internet of Things and Social Network Interactions | Cyclone Separators and Fluid Dynamics
New Jersey Institute of Technology,Boris Khusid,A5027489362,246,1871,24,Microfluidic and Bio-sensing Technologies,Microfluidic and Bio-sensing Technologies | Electrostatics and Colloid Interactions | Electrohydrodynamics and Fluid Dynamics
University of Dayton,Jamie S. Ervin,A5046403517,103,1830,22,Heat transfer and supercritical fluids,Heat transfer and supercritical fluids | Rocket and propulsion systems research | Combustion and flame dynamics
University of Denver,Shengzhe Wang,A5005745508,136,1820,17,Fluid Dynamics Simulations and Interactions,Fluid Dynamics Simulations and Interactions | Coastal and Marine Dynamics | Wave and Wind Energy Systems
University of Dayton,N. S. Brar,A5110699133,99,1814,20,High-Velocity Impact and Material Behavior,High-Velocity Impact and Material Behavior | Energetic Materials and Combustion | High-pressure geophysics and materials
Southern Methodist University,Vladimir S. Ajaev,A5015380407,143,1813,25,Fluid Dynamics and Thin Films,Fluid Dynamics and Thin Films | Fluid Dynamics and Heat Transfer | Surface Modification and Superhydrophobicity
Tulane University,Qi Tang,A5036456769,218,1791,24,Laser-Plasma Interactions and Diagnostics,Laser-Plasma Interactions and Diagnostics | Computational Fluid Dynamics and Aerodynamics | Advanced Numerical Methods in Computational Mathematics
George Washington University,Lorena A. Barba,A5028603986,249,1787,23,Scientific Computing and Data Management,Scientific Computing and Data Management | Electromagnetic Scattering and Analysis | Research Data Management Practices
Lehigh University,Donald Rockwell,A5110108275,126,1763,23,Fluid Dynamics and Turbulent Flows,Fluid Dynamics and Turbulent Flows | Fluid Dynamics and Vibration Analysis | Aerodynamics and Acoustics in Jet Flows
Missouri University of Science and Technology,Jason Baird,A5066040526,153,1676,21,Gyrotron and Vacuum Electronics Research,Gyrotron and Vacuum Electronics Research | Electromagnetic Launch and Propulsion Technology | Electromagnetic Effects on Materials
University of Central Florida,Bhimsen K. Shivamoggi,A5023448919,463,1628,17,Fluid Dynamics and Turbulent Flows,Fluid Dynamics and Turbulent Flows | Solar and Space Plasma Dynamics | Ionosphere and magnetosphere dynamics
Brigham Young University,Scott D. Sommerfeldt,A5063493167,308,1577,19,Acoustic Wave Phenomena Research,Acoustic Wave Phenomena Research | Aerodynamics and Acoustics in Jet Flows | Advanced Adaptive Filtering Techniques
Texas Tech University,J. Mańkowski,A5042798960,269,1573,17,Pulsed Power Technology Applications,Pulsed Power Technology Applications | Gyrotron and Vacuum Electronics Research | Particle accelerators and beam dynamics
Baylor University,Stephen T. McClain,A5002758293,141,1560,20,Icing and De-icing Technologies,Icing and De-icing Technologies | Fluid Dynamics and Turbulent Flows | Heat Transfer Mechanisms
Rensselaer Polytechnic Institute,H. T. Nagamatsu,A5047612392,190,1547,23,Computational Fluid Dynamics and Aerodynamics,Computational Fluid Dynamics and Aerodynamics | Gas Dynamics and Kinetic Theory | Fluid Dynamics and Turbulent Flows
University of Dayton,Kevin P. Hallinan,A5014198134,122,1534,20,Building Energy and Comfort Optimization,Building Energy and Comfort Optimization | Heat Transfer and Boiling Studies | Fluid Dynamics and Thin Films
Rensselaer Polytechnic Institute,Onkar Sahni,A5047734191,152,1532,20,Fluid Dynamics and Turbulent Flows,Fluid Dynamics and Turbulent Flows | Computational Fluid Dynamics and Aerodynamics | Advanced Numerical Methods in Computational Mathematics
University of Idaho,Steven Beyerlein,A5111368957,137,1519,18,Engineering Education and Curriculum Development,Engineering Education and Curriculum Development | Engineering Education and Pedagogy | Advanced Combustion Engine Technologies
University of Rhode Island,Sau‐Lon James Hu,A5042635491,103,1476,20,Structural Health Monitoring Techniques,Structural Health Monitoring Techniques | Probabilistic and Robust Engineering Design | Seismic Performance and Analysis
University of Dayton,Andrew J. Piekutowski,A5010293647,57,1466,20,High-Velocity Impact and Material Behavior,High-Velocity Impact and Material Behavior | Planetary Science and Exploration | Electromagnetic Launch and Propulsion Technology
University of Dayton,John D. Yeager,A5062397250,104,1413,23,Energetic Materials and Combustion,Energetic Materials and Combustion | High-Velocity Impact and Material Behavior | High-pressure geophysics and materials
New Jersey Institute of Technology,L. J. Cummings,A5029133213,162,1412,24,Fluid Dynamics and Thin Films,Fluid Dynamics and Thin Films | Liquid Crystal Research Advancements | Membrane Separation Technologies
University of Massachusetts-Lowell,J. Hunter Mack,A5076345023,123,1406,19,Advanced Combustion Engine Technologies,Advanced Combustion Engine Technologies | Combustion and flame dynamics | Combustion and Detonation Processes
Old Dominion University,Linda Vahala,A5083104510,306,1389,20,Magnetic confinement fusion research,Magnetic confinement fusion research | Lattice Boltzmann Simulation Studies | Fluid Dynamics and Turbulent Flows
University of Denver,Alice Crawford,A5041439746,127,1371,17,Fluid Dynamics and Turbulent Flows,Fluid Dynamics and Turbulent Flows | Atmospheric and Environmental Gas Dynamics | Atmospheric chemistry and aerosols
Missouri University of Science and Technology,William P. Schonberg,A5108422518,171,1339,18,High-Velocity Impact and Material Behavior,High-Velocity Impact and Material Behavior | Planetary Science and Exploration | Space Satellite Systems and Control
Missouri University of Science and Technology,Wenqing Hu,A5082454668,122,1322,19,Stochastic processes and financial applications,Stochastic processes and financial applications | Stochastic Gradient Optimization Techniques | Sparse and Compressive Sensing Techniques
Missouri University of Science and Technology,P. Neogi,A5089298363,105,1302,20,Fluid Dynamics and Thin Films,Fluid Dynamics and Thin Films | Surface Modification and Superhydrophobicity | Surfactants and Colloidal Systems
University of Dayton,F. Eastep,A5111621825,87,1173,18,Aeroelasticity and Vibration Control,Aeroelasticity and Vibration Control | Computational Fluid Dynamics and Aerodynamics | Aerospace and Aviation Technology
University of Idaho,Ajay Kumar Chinnam,A5010638913,121,1109,21,Crystallization and Solubility Studies,Crystallization and Solubility Studies | X-ray Diffraction in Crystallography | Energetic Materials and Combustion
New Mexico State University,Daniel Smith,A5101405678,164,1101,17,Laser Material Processing Techniques,Laser Material Processing Techniques | Digital Holography and Microscopy | Laser Design and Applications
Missouri University of Science and Technology,Catherine E. Johnson,A5067459467,107,1086,18,Traumatic Brain Injury Research,Traumatic Brain Injury Research | Structural Response to Dynamic Loads | Traumatic Brain Injury and Neurovascular Disturbances
University of Dayton,Perry P. Yaney,A5086797379,131,1075,15,DNA and Nucleic Acid Chemistry,DNA and Nucleic Acid Chemistry | Advanced biosensing and bioanalysis techniques | Nonlinear Optical Materials Research
University of Dayton,Markus P. Rumpfkeil,A5054806727,90,1054,18,Probabilistic and Robust Engineering Design,Probabilistic and Robust Engineering Design | Computational Fluid Dynamics and Aerodynamics | Advanced Multi-Objective Optimization Algorithms
Howard University,Sonya Smith,A5030778461,101,1052,18,Solar and Space Plasma Dynamics,Solar and Space Plasma Dynamics | Ionosphere and magnetosphere dynamics | Fluid Dynamics and Turbulent Flows
University of Idaho,Jatinder Singh,A5026571262,134,1027,20,Crystallization and Solubility Studies,Crystallization and Solubility Studies | X-ray Diffraction in Crystallography | Crystallography and molecular interactions
University of Wisconsin-Milwaukee,R. S. Amano,A5109290111,199,980,18,Fluid Dynamics and Turbulent Flows,Fluid Dynamics and Turbulent Flows | Turbomachinery Performance and Optimization | Heat Transfer Mechanisms
Clemson University,Albert Co,A5111441465,332,926,13,Rheology and Fluid Dynamics Studies,Rheology and Fluid Dynamics Studies | Polymer crystallization and properties | Material Dynamics and Properties
University of Delaware,Albert Co,A5111441465,332,926,13,Rheology and Fluid Dynamics Studies,Rheology and Fluid Dynamics Studies | Polymer crystallization and properties | Material Dynamics and Properties
Brigham Young University,Jonathan D. Blotter,A5038508797,172,915,16,Acoustic Wave Phenomena Research,Acoustic Wave Phenomena Research | Structural Health Monitoring Techniques | Aerodynamics and Acoustics in Jet Flows
University of Dayton,Scott Stouffer,A5089919017,84,874,16,Combustion and flame dynamics,Combustion and flame dynamics | Advanced Combustion Engine Technologies | Heat transfer and supercritical fluids
University of Dayton,S. P. Heneghan,A5034660848,56,856,16,Heat transfer and supercritical fluids,Heat transfer and supercritical fluids | Combustion and flame dynamics | Rocket and propulsion systems research
Howard University,Terry L. Thompson,A5041614625,105,848,12,Air Traffic Management and Optimization,Air Traffic Management and Optimization | Diversity and Career in Medicine | Coal Combustion and Slurry Processing
Binghamton University,George D. Catalano,A5046481139,207,829,16,Fluid Dynamics and Turbulent Flows,Fluid Dynamics and Turbulent Flows | Biomedical and Engineering Education | Engineering Education and Curriculum Development
University of Kentucky,S. N. Singh,A5018899707,343,598,13,Anesthesia and Pain Management,Anesthesia and Pain Management | Fluid Dynamics and Turbulent Flows | Mathematical functions and polynomials
Old Dominion University,Colin Britcher,A5054168932,157,584,12,Magnetic Bearings and Levitation Dynamics,Magnetic Bearings and Levitation Dynamics | Aerodynamics and Fluid Dynamics Research | Geomagnetism and Paleomagnetism Studies
University of Dayton,Vladimir Benin,A5072362065,54,543,14,Crystallization and Solubility Studies,Crystallization and Solubility Studies | X-ray Diffraction in Crystallography | Flame retardant materials and properties
Vanderbilt University,Dongqing Li Prof.,A5096833853,917,344,9,Microfluidic and Capillary Electrophoresis Applications,Microfluidic and Capillary Electrophoresis Applications | Physics and Engineering Research Articles | Electrohydrodynamics and Fluid Dynamics
